,ent,mun,clave,anios,year
1,1,1,1 1,10.1847025,2015
2,1,2,1 2,7.639644642,2015
3,1,3,1 3,7.251111761,2015
4,1,4,1 4,8.390518192,2015
5,1,5,1 5,9.417933712,2015
6,1,6,1 6,9.07603975,2015
7,1,7,1 7,8.864732903,2015
8,1,8,1 8,8.448660278,2015
9,1,9,1 9,7.834493927,2015
10,1,10,1 10,7.658886743,2015
11,1,11,1 11,8.696843854,2015
12,2,1,2 1,9.435744807,2015
13,2,2,2 2,10.05796925,2015
14,2,3,2 3,9.259267169,2015
15,2,4,2 4,9.719822705,2015
16,2,5,2 5,9.094935891,2015
17,3,1,3 1,8.493225894,2015
18,3,2,3 2,8.122244164,2015
19,3,3,3 3,10.75019947,2015
20,3,8,3 8,9.714103473,2015
21,3,9,3 9,10.0255515,2015
22,4,1,4 1,8.619737861,2015
23,4,2,4 2,10.21941599,2015
24,4,3,4 3,9.964502982,2015
25,4,4,4 4,7.520062192,2015
26,4,5,4 5,8.469748916,2015
27,4,6,4 6,6.433958245,2015
28,4,7,4 7,7.598769772,2015
29,4,8,4 8,8.081658647,2015
30,4,9,4 9,7.372757927,2015
31,4,10,4 10,6.275842082,2015
32,4,11,4 11,6.53731225,2015
33,5,1,5 1,8.127808989,2015
34,5,2,5 2,8.703819572,2015
35,5,3,5 3,8.755804926,2015
36,5,4,5 4,7.689179079,2015
37,5,5,5 5,6.991906475,2015
38,5,6,5 6,9.038530366,2015
39,5,7,5 7,8.156810791,2015
40,5,8,5 8,7.63003096,2015
41,5,9,5 9,8.580579591,2015
42,5,10,5 10,9.529677127,2015
43,5,11,5 11,7.43246311,2015
44,5,12,5 12,6.793418647,2015
45,5,13,5 13,7.288683603,2015
46,5,14,5 14,6.707604151,2015
47,5,15,5 15,7.548698168,2015
48,5,16,5 16,8.577629382,2015
49,5,17,5 17,8.582552325,2015
50,5,18,5 18,10.45375998,2015
51,5,19,5 19,8.718052738,2015
52,5,20,5 20,8.605627119,2015
53,5,21,5 21,8.850318471,2015
54,5,22,5 22,8.564993289,2015
55,5,23,5 23,7.916947723,2015
56,5,24,5 24,8.933247306,2015
57,5,25,5 25,9.504678727,2015
58,5,26,5 26,7.120930233,2015
59,5,27,5 27,9.998939518,2015
60,5,28,5 28,9.55331447,2015
61,5,29,5 29,8.509715026,2015
62,5,30,5 30,10.57922729,2015
63,5,31,5 31,9.687386085,2015
64,5,32,5 32,9.522946527,2015
65,5,33,5 33,8.199662363,2015
66,5,34,5 34,8.409545984,2015
67,5,35,5 35,10.58236838,2015
68,5,36,5 36,7.188799514,2015
69,5,37,5 37,7.814260783,2015
70,5,38,5 38,8.113779719,2015
71,6,1,6 1,6.95025802,2015
72,6,2,6 2,10.4380687,2015
73,6,3,6 3,8.338512142,2015
74,6,4,6 4,8.013122376,2015
75,6,5,6 5,8.748852135,2015
76,6,6,6 6,7.188955062,2015
77,6,7,6 7,9.528707146,2015
78,6,8,6 8,7.894474092,2015
79,6,9,6 9,7.491267446,2015
80,6,10,6 10,11.25077158,2015
81,7,1,7 1,6.292825334,2015
82,7,2,7 2,6.519701369,2015
83,7,3,7 3,6.088542864,2015
84,7,4,7 4,4.984506548,2015
85,7,5,7 5,5.33996881,2015
86,7,6,7 6,5.519307895,2015
87,7,7,7 7,4.130682899,2015
88,7,8,7 8,5.587869165,2015
89,7,9,7 9,7.868730317,2015
90,7,10,7 10,5.448832588,2015
91,7,11,7 11,5.716407292,2015
92,7,12,7 12,7.113992742,2015
93,7,13,7 13,6.691075515,2015
94,7,14,7 14,4.91833438,2015
95,7,15,7 15,7.244708898,2015
96,7,16,7 16,6.285077156,2015
97,7,17,7 17,7.5735,2015
98,7,18,7 18,5.56572346,2015
99,7,19,7 19,7.564336118,2015
100,7,20,7 20,5.654863388,2015
101,7,21,7 21,6.820665175,2015
102,7,22,7 22,4.314794816,2015
103,7,23,7 23,3.37805021,2015
104,7,24,7 24,5.024053628,2015
105,7,25,7 25,6.438228438,2015
106,7,26,7 26,4.41195158,2015
107,7,27,7 27,8.176224869,2015
108,7,28,7 28,4.873054873,2015
109,7,29,7 29,6.71367801,2015
110,7,30,7 30,5.252809552,2015
111,7,31,7 31,4.78150415,2015
112,7,32,7 32,6.590472532,2015
113,7,33,7 33,5.223382578,2015
114,7,34,7 34,6.187453184,2015
115,7,35,7 35,6.86411964,2015
116,7,36,7 36,6.439406661,2015
117,7,37,7 37,7.524714656,2015
118,7,38,7 38,5.556246067,2015
119,7,39,7 39,5.201496101,2015
120,7,40,7 40,7.394469577,2015
121,7,41,7 41,5.110460314,2015
122,7,42,7 42,6.06192401,2015
123,7,43,7 43,7.348224152,2015
124,7,44,7 44,6.435072854,2015
125,7,45,7 45,5.854878049,2015
126,7,46,7 46,6.740953005,2015
127,7,47,7 47,6.11313538,2015
128,7,48,7 48,7.085156132,2015
129,7,49,7 49,5.240763034,2015
130,7,50,7 50,6.769230769,2015
131,7,51,7 51,6.345431314,2015
132,7,52,7 52,5.256779276,2015
133,7,53,7 53,5.881066302,2015
134,7,54,7 54,6.872946513,2015
135,7,55,7 55,7.722792023,2015
136,7,56,7 56,3.376737811,2015
137,7,57,7 57,6.275260113,2015
138,7,58,7 58,4.615247436,2015
139,7,59,7 59,5.748721559,2015
140,7,60,7 60,4.043416116,2015
141,7,61,7 61,6.741569065,2015
142,7,62,7 62,6.126957178,2015
143,7,63,7 63,6.848275862,2015
144,7,64,7 64,5.979393116,2015
145,7,65,7 65,6.835769408,2015
146,7,66,7 66,3.761449818,2015
147,7,67,7 67,5.012578616,2015
148,7,68,7 68,7.583649133,2015
149,7,69,7 69,6.453323712,2015
150,7,70,7 70,6.41392994,2015
151,7,71,7 71,6.250058727,2015
152,7,72,7 72,5.034458994,2015
153,7,73,7 73,6.314077287,2015
154,7,74,7 74,8.365477131,2015
155,7,75,7 75,4.736010174,2015
156,7,76,7 76,5.490961122,2015
157,7,77,7 77,5.502915663,2015
158,7,78,7 78,9.019616374,2015
159,7,79,7 79,6.220093238,2015
160,7,80,7 80,5.586078442,2015
161,7,81,7 81,5.099565499,2015
162,7,82,7 82,3.370926179,2015
163,7,83,7 83,5.148247978,2015
164,7,84,7 84,5.770638006,2015
165,7,85,7 85,6.196758509,2015
166,7,86,7 86,7.69588551,2015
167,7,87,7 87,6.351130373,2015
168,7,88,7 88,6.498540146,2015
169,7,89,7 89,8.895051268,2015
170,7,90,7 90,5.71681015,2015
171,7,91,7 91,7.400186443,2015
172,7,92,7 92,5.945862914,2015
173,7,93,7 93,4.921471076,2015
174,7,94,7 94,4.517181673,2015
175,7,96,7 96,5.506383287,2015
176,7,97,7 97,7.610787433,2015
177,7,98,7 98,4.990489777,2015
178,7,99,7 99,5.412725395,2015
179,7,100,7 100,5.032638358,2015
180,7,101,7 101,10.63141829,2015
181,7,102,7 102,7.821964424,2015
182,7,103,7 103,6.66356247,2015
183,7,104,7 104,5.457571399,2015
184,7,105,7 105,7.139685575,2015
185,7,106,7 106,5.469925964,2015
186,7,107,7 107,6.282419134,2015
187,7,108,7 108,7.119171374,2015
188,7,109,7 109,6.088449979,2015
189,7,110,7 110,4.85625156,2015
190,7,111,7 111,3.586255723,2015
191,7,112,7 112,4.280967553,2015
192,7,113,7 113,4.703779367,2015
193,7,114,7 114,5.617542852,2015
194,7,115,7 115,4.797506313,2015
195,7,116,7 116,5.017013889,2015
196,7,117,7 117,5.330222541,2015
197,7,118,7 118,3.979318735,2015
198,7,119,7 119,4.2109375,2015
199,8,1,8 1,7.257018008,2015
200,8,2,8 2,8.646446701,2015
201,8,3,8 3,8.332139368,2015
202,8,4,8 4,8.867471226,2015
203,8,5,8 5,7.006777823,2015
204,8,6,8 6,6.266295523,2015
205,8,7,8 7,4.894498314,2015
206,8,8,8 8,3.761808024,2015
207,8,9,8 9,6.655712693,2015
208,8,11,8 11,8.92313115,2015
209,8,13,8 13,7.799536026,2015
210,8,14,8 14,7.439626418,2015
211,8,15,8 15,6.147108844,2015
212,8,16,8 16,7.96459825,2015
213,8,17,8 17,8.359390048,2015
214,8,18,8 18,5.908455181,2015
215,8,19,8 19,10.82697176,2015
216,8,20,8 20,6.394439421,2015
217,8,21,8 21,9.5451646,2015
218,8,22,8 22,5.953476215,2015
219,8,23,8 23,6.893800059,2015
220,8,25,8 25,7.540187542,2015
221,8,26,8 26,6.167585447,2015
222,8,27,8 27,5.772058232,2015
223,8,28,8 28,7.073451603,2015
224,8,29,8 29,5.149016591,2015
225,8,30,8 30,5.919709685,2015
226,8,31,8 31,6.913289536,2015
227,8,32,8 32,9.812338654,2015
228,8,33,8 33,6.110944528,2015
229,8,34,8 34,6.968537415,2015
230,8,35,8 35,6.628966145,2015
231,8,36,8 36,8.98953034,2015
232,8,37,8 37,9.635477873,2015
233,8,38,8 38,7.047038917,2015
234,8,39,8 39,7.88482835,2015
235,8,40,8 40,7.117458419,2015
236,8,41,8 41,5.156639004,2015
237,8,42,8 42,6.115810675,2015
238,8,43,8 43,7.026699029,2015
239,8,44,8 44,7.531303455,2015
240,8,45,8 45,8.152743468,2015
241,8,46,8 46,5.231863774,2015
242,8,47,8 47,5.882985452,2015
243,8,48,8 48,6.962700965,2015
244,8,49,8 49,6.101295642,2015
245,8,50,8 50,9.514412526,2015
246,8,51,8 51,6.661242938,2015
247,8,52,8 52,8.102610464,2015
248,8,53,8 53,6.555362822,2015
249,8,54,8 54,4.753693542,2015
250,8,55,8 55,7.58561891,2015
251,8,56,8 56,5.63161609,2015
252,8,57,8 57,6.319646241,2015
253,8,58,8 58,7.831050228,2015
254,8,59,8 59,8.797588286,2015
255,8,60,8 60,9.116086468,2015
256,8,61,8 61,6.021221308,2015
257,8,62,8 62,8.30122017,2015
258,8,64,8 64,5.974070873,2015
259,8,66,8 66,5.365542872,2015
260,8,67,8 67,6.415699281,2015
261,9,2,9 2,11.18271692,2015
262,9,3,9 3,12.22679071,2015
263,9,4,9 4,11.42218369,2015
264,9,5,9 5,10.69488035,2015
265,9,6,9 6,11.33641988,2015
266,9,7,9 7,10.20916059,2015
267,9,8,9 8,10.34881045,2015
268,9,9,9 9,9.339785969,2015
269,9,10,9 10,10.82653456,2015
270,9,11,9 11,10.16967425,2015
271,9,12,9 12,11.22155418,2015
272,9,13,9 13,10.45251613,2015
273,9,14,9 14,13.78046626,2015
274,9,15,9 15,11.95322184,2015
275,9,16,9 16,12.92432065,2015
276,9,17,9 17,11.14601249,2015
277,10,1,10 1,8.168234015,2015
278,10,2,10 2,5.63853211,2015
279,10,3,10 3,6.955090979,2015
280,10,4,10 4,7.77689243,2015
281,10,5,10 5,10.3164942,2015
282,10,6,10 6,6.329101872,2015
283,10,7,10 7,9.442837148,2015
284,10,8,10 8,8.210277666,2015
285,10,9,10 9,5.906598661,2015
286,10,10,10 10,7.374854482,2015
287,10,11,10 11,6.618919725,2015
288,10,12,10 12,9.271696486,2015
289,10,13,10 13,7.29588901,2015
290,10,14,10 14,5.080535812,2015
291,10,15,10 15,7.430696163,2015
292,10,16,10 16,7.716296654,2015
293,10,17,10 17,7.665536375,2015
294,10,18,10 18,7.800668724,2015
295,10,19,10 19,6.27818062,2015
296,10,20,10 20,7.576985012,2015
297,10,21,10 21,7.703127316,2015
298,10,22,10 22,7.665631406,2015
299,10,23,10 23,7.94754879,2015
300,10,24,10 24,7.708802574,2015
301,10,25,10 25,6.235549761,2015
302,10,26,10 26,7.02891609,2015
303,10,27,10 27,6.230116959,2015
304,10,28,10 28,7.375,2015
305,10,29,10 29,6.707847708,2015
306,10,30,10 30,6.873469388,2015
307,10,31,10 31,7.269213781,2015
308,10,32,10 32,7.744451805,2015
309,10,33,10 33,7.487969925,2015
310,10,34,10 34,5.964035147,2015
311,10,35,10 35,6.41459583,2015
312,10,36,10 36,8.118461755,2015
313,10,37,10 37,6.358222714,2015
314,10,38,10 38,8.480428571,2015
315,10,39,10 39,7.751187142,2015
316,11,1,11 1,6.734744575,2015
317,11,2,11 2,7.604161933,2015
318,11,3,11 3,7.792405833,2015
319,11,4,11 4,7.064836003,2015
320,11,5,11 5,7.876089828,2015
321,11,6,11 6,5.959936909,2015
322,11,7,11 7,9.376571027,2015
323,11,8,11 8,6.329229629,2015
324,11,9,11 9,7.240029961,2015
325,11,10,11 10,6.530999079,2015
326,11,11,11 11,7.978571885,2015
327,11,12,11 12,6.861087678,2015
328,11,13,11 13,6.818435355,2015
329,11,14,11 14,7.04873819,2015
330,11,15,11 15,9.555146665,2015
331,11,16,11 16,6.931340221,2015
332,11,17,11 17,9.029536308,2015
333,11,18,11 18,7.623089236,2015
334,11,19,11 19,5.900471589,2015
335,11,20,11 20,9.178093799,2015
336,11,21,11 21,7.790762191,2015
337,11,22,11 22,6.091838246,2015
338,11,23,11 23,6.813058325,2015
339,11,24,11 24,6.997925311,2015
340,11,25,11 25,6.944303476,2015
341,11,26,11 26,6.67957958,2015
342,11,27,11 27,8.682164781,2015
343,11,28,11 28,7.33546964,2015
344,11,29,11 29,5.936358917,2015
345,11,30,11 30,6.561225592,2015
346,11,31,11 31,7.531826793,2015
347,11,32,11 32,7.935021739,2015
348,11,33,11 33,7.232905197,2015
349,11,34,11 34,6.513796384,2015
350,11,35,11 35,7.060711292,2015
351,11,36,11 36,6.481267395,2015
352,11,37,11 37,7.829164815,2015
353,11,38,11 38,7.200757098,2015
354,11,39,11 39,6.666417582,2015
355,11,40,11 40,6.537512054,2015
356,11,41,11 41,7.138616226,2015
357,11,42,11 42,7.01701991,2015
358,11,43,11 43,7.139576423,2015
359,11,44,11 44,8.279814638,2015
360,11,45,11 45,5.386921802,2015
361,11,46,11 46,6.412363067,2015
362,12,1,12 1,9.201136157,2015
363,12,2,12 2,4.069548351,2015
364,12,3,12 3,5.861790828,2015
365,12,4,12 4,3.423479857,2015
366,12,5,12 5,6.099190812,2015
367,12,6,12 6,6.808888215,2015
368,12,7,12 7,7.464941105,2015
369,12,8,12 8,5.239362699,2015
370,12,9,12 9,4.985621855,2015
371,12,10,12 10,4.022768809,2015
372,12,11,12 11,7.693579217,2015
373,12,12,12 12,6.088855719,2015
374,12,13,12 13,6.609208185,2015
375,12,14,12 14,8.397755611,2015
376,12,15,12 15,7.304692972,2015
377,12,16,12 16,4.73183159,2015
378,12,17,12 17,7.007945647,2015
379,12,18,12 18,6.798280735,2015
380,12,19,12 19,4.236786731,2015
381,12,20,12 20,3.988141885,2015
382,12,21,12 21,7.178796008,2015
383,12,22,12 22,5.415002548,2015
384,12,23,12 23,6.283667622,2015
385,12,24,12 24,5.601895735,2015
386,12,25,12 25,6.263614405,2015
387,12,26,12 26,5.235064935,2015
388,12,27,12 27,4.983706564,2015
389,12,28,12 28,5.314504054,2015
390,12,29,12 29,10.21338801,2015
391,12,30,12 30,7.266962269,2015
392,12,31,12 31,5.564058957,2015
393,12,32,12 32,5.638961454,2015
394,12,33,12 33,6.550070066,2015
395,12,34,12 34,6.682845745,2015
396,12,35,12 35,9.55462492,2015
397,12,36,12 36,6.358366693,2015
398,12,37,12 37,6.331893266,2015
399,12,38,12 38,8.567673999,2015
400,12,39,12 39,7.11470322,2015
401,12,40,12 40,6.195392321,2015
402,12,41,12 41,6.547224691,2015
403,12,42,12 42,4.657853506,2015
404,12,43,12 43,3.352189569,2015
405,12,44,12 44,7.196260494,2015
406,12,45,12 45,5.269550272,2015
407,12,46,12 46,7.490486645,2015
408,12,47,12 47,4.761309673,2015
409,12,48,12 48,7.152650125,2015
410,12,49,12 49,6.71317734,2015
411,12,50,12 50,7.961216376,2015
412,12,51,12 51,5.335039934,2015
413,12,52,12 52,6.032446785,2015
414,12,53,12 53,6.449345846,2015
415,12,54,12 54,5.650026413,2015
416,12,55,12 55,8.121438541,2015
417,12,56,12 56,6.742114675,2015
418,12,57,12 57,7.114901169,2015
419,12,58,12 58,6.847137058,2015
420,12,59,12 59,6.47234657,2015
421,12,60,12 60,5.756469658,2015
422,12,61,12 61,8.499847363,2015
423,12,62,12 62,3.88780966,2015
424,12,63,12 63,6.023479831,2015
425,12,64,12 64,6.75182115,2015
426,12,65,12 65,5.034946871,2015
427,12,66,12 66,7.277643569,2015
428,12,67,12 67,7.327776167,2015
429,12,68,12 68,6.139507272,2015
430,12,69,12 69,3.885808039,2015
431,12,70,12 70,5.144774477,2015
432,12,71,12 71,3.930099312,2015
433,12,72,12 72,5.1490161,2015
434,12,73,12 73,4.572980804,2015
435,12,74,12 74,4.819102398,2015
436,12,75,12 75,7.146457853,2015
437,12,76,12 76,5.183656123,2015
438,12,77,12 77,7.166831683,2015
439,12,78,12 78,2.279738401,2015
440,12,79,12 79,3.838855781,2015
441,12,80,12 80,5.809791152,2015
442,12,81,12 81,7.569857581,2015
443,13,1,13 1,6.303664508,2015
444,13,2,13 2,5.78391898,2015
445,13,3,13 3,9.14721398,2015
446,13,4,13 4,6.415864948,2015
447,13,5,13 5,7.706335686,2015
448,13,6,13 6,6.905986128,2015
449,13,7,13 7,7.683036287,2015
450,13,8,13 8,8.581408103,2015
451,13,9,13 9,8.365012831,2015
452,13,10,13 10,9.269283294,2015
453,13,11,13 11,6.593954248,2015
454,13,12,13 12,7.254005359,2015
455,13,13,13 13,9.039417026,2015
456,13,14,13 14,5.956050018,2015
457,13,15,13 15,7.389042473,2015
458,13,16,13 16,7.132661467,2015
459,13,17,13 17,6.720510563,2015
460,13,18,13 18,6.05529595,2015
461,13,19,13 19,7.964703857,2015
462,13,20,13 20,6.312567714,2015
463,13,21,13 21,8.801817802,2015
464,13,22,13 22,8.496692165,2015
465,13,23,13 23,9.532578023,2015
466,13,24,13 24,7.067364999,2015
467,13,25,13 25,6.718294773,2015
468,13,26,13 26,6.812047814,2015
469,13,27,13 27,4.940629012,2015
470,13,28,13 28,9.129922379,2015
471,13,29,13 29,7.948782675,2015
472,13,30,13 30,8.73329763,2015
473,13,31,13 31,6.374659091,2015
474,13,32,13 32,8.176761208,2015
475,13,33,13 33,6.138779528,2015
476,13,34,13 34,6.927706735,2015
477,13,35,13 35,7.240331492,2015
478,13,36,13 36,7.240137221,2015
479,13,37,13 37,6.483712993,2015
480,13,38,13 38,7.130066655,2015
481,13,39,13 39,9.130765332,2015
482,13,40,13 40,4.99793618,2015
483,13,41,13 41,8.987432087,2015
484,13,42,13 42,7.527419797,2015
485,13,43,13 43,6.294715447,2015
486,13,44,13 44,6.946871941,2015
487,13,45,13 45,7.446537762,2015
488,13,46,13 46,7.483798883,2015
489,13,47,13 47,5.504915103,2015
490,13,48,13 48,10.9925833,2015
491,13,49,13 49,5.780731582,2015
492,13,50,13 50,9.466675074,2015
493,13,51,13 51,11.20043779,2015
494,13,52,13 52,8.689639046,2015
495,13,53,13 53,5.116372392,2015
496,13,54,13 54,8.864777257,2015
497,13,55,13 55,8.221531532,2015
498,13,56,13 56,8.760144087,2015
499,13,57,13 57,6.902288902,2015
500,13,58,13 58,7.708900914,2015
501,13,59,13 59,6.843551441,2015
502,13,60,13 60,6.095413338,2015
503,13,61,13 61,9.649912693,2015
504,13,62,13 62,5.423285356,2015
505,13,63,13 63,8.716064102,2015
506,13,64,13 64,8.019576077,2015
507,13,65,13 65,8.284522706,2015
508,13,66,13 66,8.320941115,2015
509,13,67,13 67,8.320723982,2015
510,13,68,13 68,5.422244094,2015
511,13,69,13 69,9.714012653,2015
512,13,70,13 70,8.800796178,2015
513,13,71,13 71,5.219272514,2015
514,13,72,13 72,9.639381473,2015
515,13,73,13 73,6.316691375,2015
516,13,74,13 74,8.5536483,2015
517,13,75,13 75,8.878669454,2015
518,13,76,13 76,9.645850061,2015
519,13,77,13 77,8.90734254,2015
520,13,78,13 78,5.222494553,2015
521,13,79,13 79,6.877419355,2015
522,13,80,13 80,4.974520449,2015
523,13,81,13 81,8.147562463,2015
524,13,82,13 82,8.41954211,2015
525,13,83,13 83,9.221007336,2015
526,13,84,13 84,7.843507695,2015
527,14,1,14 1,6.338826337,2015
528,14,2,14 2,8.411520608,2015
529,14,3,14 3,8.808550836,2015
530,14,4,14 4,7.7504363,2015
531,14,5,14 5,8.54142107,2015
532,14,6,14 6,8.263581539,2015
533,14,7,14 7,7.776530612,2015
534,14,8,14 8,7.384621831,2015
535,14,9,14 9,8.370866471,2015
536,14,10,14 10,6.664039926,2015
537,14,11,14 11,6.64789916,2015
538,14,12,14 12,7.176667909,2015
539,14,13,14 13,7.352067644,2015
540,14,14,14 14,6.524398995,2015
541,14,15,14 15,9.175911903,2015
542,14,16,14 16,6.400457666,2015
543,14,17,14 17,7.243182104,2015
544,14,18,14 18,7.793164192,2015
545,14,19,14 19,6.2912,2015
546,14,20,14 20,7.188462748,2015
547,14,21,14 21,7.320289331,2015
548,14,22,14 22,7.575467178,2015
549,14,23,14 23,9.819859565,2015
550,14,24,14 24,7.833096954,2015
551,14,25,14 25,8.720627764,2015
552,14,26,14 26,6.564812484,2015
553,14,27,14 27,6.352498353,2015
554,14,28,14 28,6.900487126,2015
555,14,29,14 29,6.268749461,2015
556,14,30,14 30,8.906231524,2015
557,14,31,14 31,5.856697819,2015
558,14,32,14 32,7.266462906,2015
559,14,33,14 33,6.232971227,2015
560,14,34,14 34,6.990136571,2015
561,14,35,14 35,6.87556909,2015
562,14,36,14 36,8.486866415,2015
563,14,37,14 37,8.566714761,2015
564,14,38,14 38,7.04770318,2015
565,14,39,14 39,10.36392431,2015
566,14,40,14 40,6.536066946,2015
567,14,41,14 41,6.931926121,2015
568,14,42,14 42,6.618106531,2015
569,14,43,14 43,7.04413436,2015
570,14,44,14 44,8.574968274,2015
571,14,45,14 45,6.695506932,2015
572,14,46,14 46,7.157796635,2015
573,14,47,14 47,7.559937524,2015
574,14,48,14 48,5.743629917,2015
575,14,49,14 49,5.64360687,2015
576,14,50,14 50,7.452844392,2015
577,14,51,14 51,8.859696887,2015
578,14,52,14 52,7.232720178,2015
579,14,53,14 53,7.905971316,2015
580,14,54,14 54,7.749395649,2015
581,14,55,14 55,7.910384277,2015
582,14,56,14 56,5.05873494,2015
583,14,57,14 57,7.268674699,2015
584,14,58,14 58,8.078447736,2015
585,14,59,14 59,7.338360038,2015
586,14,60,14 60,6.317051244,2015
587,14,61,14 61,5.132083205,2015
588,14,62,14 62,6.899914821,2015
589,14,63,14 63,8.825829958,2015
590,14,64,14 64,7.046796837,2015
591,14,65,14 65,5.835243935,2015
592,14,66,14 66,7.360163243,2015
593,14,67,14 67,9.945702186,2015
594,14,68,14 68,6.417383695,2015
595,14,69,14 69,5.269081956,2015
596,14,70,14 70,8.460819748,2015
597,14,71,14 71,6.091135458,2015
598,14,72,14 72,6.218926873,2015
599,14,73,14 73,7.5409008,2015
600,14,74,14 74,6.886557887,2015
601,14,75,14 75,8.284745763,2015
602,14,76,14 76,6.660732452,2015
603,14,77,14 77,8.067016508,2015
604,14,78,14 78,6.860451734,2015
605,14,79,14 79,7.64673142,2015
606,14,80,14 80,6.789159751,2015
607,14,81,14 81,6.109198229,2015
608,14,82,14 82,8.501626686,2015
609,14,83,14 83,8.245213758,2015
610,14,84,14 84,7.365245291,2015
611,14,85,14 85,7.283201612,2015
612,14,86,14 86,6.876183733,2015
613,14,87,14 87,6.91605771,2015
614,14,88,14 88,7.614911328,2015
615,14,89,14 89,7.453305785,2015
616,14,90,14 90,7.681237827,2015
617,14,91,14 91,6.751784948,2015
618,14,92,14 92,6.691463238,2015
619,14,93,14 93,7.938722763,2015
620,14,94,14 94,8.597685964,2015
621,14,95,14 95,7.941027267,2015
622,14,96,14 96,6.882624059,2015
623,14,97,14 97,9.627195676,2015
624,14,98,14 98,9.230704532,2015
625,14,99,14 99,6.811497118,2015
626,14,100,14 100,6.900844269,2015
627,14,101,14 101,9.14261607,2015
628,14,102,14 102,7.268177291,2015
629,14,103,14 103,7.604055088,2015
630,14,104,14 104,7.067986799,2015
631,14,105,14 105,6.847806375,2015
632,14,106,14 106,6.231884058,2015
633,14,107,14 107,7.41031746,2015
634,14,108,14 108,8.489233851,2015
635,14,109,14 109,6.382146078,2015
636,14,110,14 110,7.902307865,2015
637,14,111,14 111,7.337721289,2015
638,14,112,14 112,6.971674535,2015
639,14,113,14 113,7.157278141,2015
640,14,114,14 114,7.335781742,2015
641,14,115,14 115,6.432562331,2015
642,14,116,14 116,6.868414624,2015
643,14,117,14 117,6.059080963,2015
644,14,118,14 118,7.026512852,2015
645,14,119,14 119,7.615773396,2015
646,14,120,14 120,10.77991851,2015
647,14,121,14 121,7.831521459,2015
648,14,122,14 122,7.270779977,2015
649,14,123,14 123,6.489786817,2015
650,14,124,14 124,7.177139494,2015
651,14,125,14 125,6.229381216,2015
652,15,1,15 1,7.07080102,2015
653,15,2,15 2,9.439349729,2015
654,15,3,15 3,6.821333155,2015
655,15,4,15 4,6.96320038,2015
656,15,5,15 5,7.630361848,2015
657,15,6,15 6,9.183295964,2015
658,15,7,15 7,6.632555926,2015
659,15,8,15 8,6.287121444,2015
660,15,9,15 9,9.529976883,2015
661,15,10,15 10,8.830955628,2015
662,15,11,15 11,8.925075758,2015
663,15,12,15 12,9.184868242,2015
664,15,13,15 13,10.34231022,2015
665,15,14,15 14,9.119716938,2015
666,15,15,15 15,8.062248592,2015
667,15,16,15 16,8.055735805,2015
668,15,17,15 17,9.193598996,2015
669,15,18,15 18,9.535912063,2015
670,15,19,15 19,9.62361296,2015
671,15,20,15 20,11.22414335,2015
672,15,21,15 21,6.633978382,2015
673,15,22,15 22,9.651953001,2015
674,15,23,15 23,8.887844755,2015
675,15,24,15 24,11.13411073,2015
676,15,25,15 25,8.983041208,2015
677,15,26,15 26,6.997292419,2015
678,15,27,15 27,10.38922477,2015
679,15,28,15 28,9.479420412,2015
680,15,29,15 29,9.667323296,2015
681,15,30,15 30,9.612850183,2015
682,15,31,15 31,8.465606431,2015
683,15,32,15 32,6.0084814,2015
684,15,33,15 33,9.745921927,2015
685,15,34,15 34,7.898858366,2015
686,15,35,15 35,9.693652074,2015
687,15,36,15 36,7.480150735,2015
688,15,37,15 37,11.04941781,2015
689,15,38,15 38,8.122651934,2015
690,15,39,15 39,9.516730499,2015
691,15,40,15 40,7.859331988,2015
692,15,41,15 41,5.669060773,2015
693,15,42,15 42,7.74393218,2015
694,15,43,15 43,8.369993398,2015
695,15,44,15 44,9.638791853,2015
696,15,45,15 45,7.962080984,2015
697,15,46,15 46,8.633809799,2015
698,15,47,15 47,7.402710333,2015
699,15,48,15 48,8.589606169,2015
700,15,49,15 49,7.738927194,2015
701,15,50,15 50,8.196485723,2015
702,15,51,15 51,9.037079069,2015
703,15,52,15 52,7.120044701,2015
704,15,53,15 53,9.427147177,2015
705,15,54,15 54,11.34207678,2015
706,15,55,15 55,9.526560588,2015
707,15,56,15 56,6.544762011,2015
708,15,57,15 57,10.15199129,2015
709,15,58,15 58,9.897316299,2015
710,15,59,15 59,9.004770521,2015
711,15,60,15 60,9.106666868,2015
712,15,61,15 61,8.307079486,2015
713,15,62,15 62,9.45289813,2015
714,15,63,15 63,7.155850639,2015
715,15,64,15 64,7.883196906,2015
716,15,65,15 65,8.471061947,2015
717,15,66,15 66,6.017746229,2015
718,15,67,15 67,7.753978612,2015
719,15,68,15 68,8.954032911,2015
720,15,69,15 69,10.18174962,2015
721,15,70,15 70,9.069615778,2015
722,15,71,15 71,7.902156819,2015
723,15,72,15 72,9.228635771,2015
724,15,73,15 73,10.8667767,2015
725,15,74,15 74,6.559335677,2015
726,15,75,15 75,9.276873516,2015
727,15,76,15 76,9.969935532,2015
728,15,77,15 77,7.483264827,2015
729,15,78,15 78,7.383280494,2015
730,15,79,15 79,8.040837943,2015
731,15,80,15 80,6.499511178,2015
732,15,81,15 81,10.42472516,2015
733,15,82,15 82,7.371685191,2015
734,15,83,15 83,9.404294254,2015
735,15,84,15 84,8.352324687,2015
736,15,85,15 85,7.018862532,2015
737,15,86,15 86,6.728844254,2015
738,15,87,15 87,7.142658491,2015
739,15,88,15 88,8.243261567,2015
740,15,89,15 89,8.834122042,2015
741,15,90,15 90,8.296612534,2015
742,15,91,15 91,9.189882437,2015
743,15,92,15 92,9.26779357,2015
744,15,93,15 93,8.872636009,2015
745,15,94,15 94,8.399264593,2015
746,15,95,15 95,9.532852436,2015
747,15,96,15 96,8.530480386,2015
748,15,97,15 97,7.205536141,2015
749,15,98,15 98,9.422882615,2015
750,15,99,15 99,10.2735845,2015
751,15,100,15 100,8.920473708,2015
752,15,101,15 101,8.801112715,2015
753,15,102,15 102,7.790138185,2015
754,15,103,15 103,9.750508432,2015
755,15,104,15 104,10.4900894,2015
756,15,105,15 105,6.547009337,2015
757,15,106,15 106,10.13653761,2015
758,15,107,15 107,7.829492523,2015
759,15,108,15 108,10.1161819,2015
760,15,109,15 109,10.10026206,2015
761,15,110,15 110,8.280633542,2015
762,15,111,15 111,6.062078547,2015
763,15,112,15 112,7.009876721,2015
764,15,113,15 113,6.623422971,2015
765,15,114,15 114,5.836340565,2015
766,15,115,15 115,8.933684593,2015
767,15,116,15 116,6.874321503,2015
768,15,117,15 117,6.50962963,2015
769,15,118,15 118,9.043497044,2015
770,15,119,15 119,6.29775925,2015
771,15,120,15 120,9.313046032,2015
772,15,121,15 121,10.90056108,2015
773,15,122,15 122,8.42411979,2015
774,15,123,15 123,5.889817725,2015
775,15,124,15 124,5.27193353,2015
776,15,125,15 125,9.176868504,2015
777,16,1,16 1,6.561353619,2015
778,16,2,16 2,5.246494303,2015
779,16,3,16 3,6.528247331,2015
780,16,4,16 4,5.888956005,2015
781,16,5,16 5,7.580645161,2015
782,16,6,16 6,7.335524312,2015
783,16,7,16 7,7.11713555,2015
784,16,8,16 8,5.656733774,2015
785,16,9,16 9,6.676539254,2015
786,16,10,16 10,6.682419085,2015
787,16,11,16 11,7.079875811,2015
788,16,12,16 12,5.930305458,2015
789,16,13,16 13,5.421425973,2015
790,16,14,16 14,6.408172232,2015
791,16,15,16 15,5.904093775,2015
792,16,16,16 16,5.967785618,2015
793,16,17,16 17,6.248820696,2015
794,16,18,16 18,6.346804836,2015
795,16,19,16 19,6.163987405,2015
796,16,20,16 20,6.198854901,2015
797,16,21,16 21,6.033290653,2015
798,16,22,16 22,6.767630241,2015
799,16,23,16 23,5.664068356,2015
800,16,24,16 24,7.414258189,2015
801,16,25,16 25,6.83540178,2015
802,16,26,16 26,5.663595934,2015
803,16,27,16 27,5.262476311,2015
804,16,28,16 28,6.459318307,2015
805,16,29,16 29,5.640715884,2015
806,16,30,16 30,5.491853017,2015
807,16,31,16 31,5.801889578,2015
808,16,32,16 32,6.797003284,2015
809,16,33,16 33,6.397153483,2015
810,16,34,16 34,7.069392847,2015
811,16,35,16 35,6.123623842,2015
812,16,36,16 36,6.121963499,2015
813,16,37,16 37,5.63901849,2015
814,16,38,16 38,6.273235203,2015
815,16,39,16 39,6.809478673,2015
816,16,40,16 40,6.258849558,2015
817,16,41,16 41,6.535329852,2015
818,16,42,16 42,5.559832636,2015
819,16,43,16 43,7.108240256,2015
820,16,44,16 44,6.401953943,2015
821,16,45,16 45,7.79426789,2015
822,16,46,16 46,6.684752747,2015
823,16,47,16 47,6.612064195,2015
824,16,48,16 48,6.394394111,2015
825,16,49,16 49,5.547333013,2015
826,16,50,16 50,6.748923391,2015
827,16,51,16 51,7.483214762,2015
828,16,52,16 52,9.071357685,2015
829,16,53,16 53,10.19283258,2015
830,16,54,16 54,5.81352257,2015
831,16,55,16 55,6.996235567,2015
832,16,56,16 56,6.506944034,2015
833,16,57,16 57,5.367902293,2015
834,16,58,16 58,7.169263336,2015
835,16,59,16 59,6.069739718,2015
836,16,60,16 60,6.605646913,2015
837,16,61,16 61,6.308431953,2015
838,16,62,16 62,6.148595745,2015
839,16,63,16 63,5.518540146,2015
840,16,64,16 64,5.89391138,2015
841,16,65,16 65,7.641789778,2015
842,16,66,16 66,8.144851446,2015
843,16,67,16 67,5.767464115,2015
844,16,68,16 68,6.506854193,2015
845,16,69,16 69,8.338459264,2015
846,16,70,16 70,7.136017941,2015
847,16,71,16 71,6.275153033,2015
848,16,72,16 72,6.685159011,2015
849,16,73,16 73,6.88985073,2015
850,16,74,16 74,5.910223302,2015
851,16,75,16 75,7.309844847,2015
852,16,76,16 76,7.912599437,2015
853,16,77,16 77,5.886157601,2015
854,16,78,16 78,6.133778858,2015
855,16,79,16 79,6.111746707,2015
856,16,80,16 80,6.345862008,2015
857,16,81,16 81,4.592820731,2015
858,16,82,16 82,7.156738037,2015
859,16,83,16 83,5.837604457,2015
860,16,84,16 84,5.884701428,2015
861,16,85,16 85,6.021233004,2015
862,16,86,16 86,6.707642539,2015
863,16,87,16 87,7.013888889,2015
864,16,88,16 88,8.865165284,2015
865,16,89,16 89,6.31338051,2015
866,16,90,16 90,7.599978441,2015
867,16,91,16 91,6.711544646,2015
868,16,92,16 92,5.166023647,2015
869,16,93,16 93,7.094451864,2015
870,16,94,16 94,5.150287687,2015
871,16,95,16 95,6.499437289,2015
872,16,96,16 96,4.70626195,2015
873,16,97,16 97,5.433168448,2015
874,16,98,16 98,7.17141492,2015
875,16,99,16 99,5.335077975,2015
876,16,100,16 100,7.531917211,2015
877,16,101,16 101,5.219439475,2015
878,16,102,16 102,8.597203273,2015
879,16,103,16 103,6.775349759,2015
880,16,104,16 104,6.163017249,2015
881,16,105,16 105,6.727342198,2015
882,16,106,16 106,6.73477855,2015
883,16,107,16 107,8.324376714,2015
884,16,108,16 108,7.911099476,2015
885,16,109,16 109,6.38009438,2015
886,16,110,16 110,6.710508746,2015
887,16,111,16 111,6.943555343,2015
888,16,112,16 112,8.10549349,2015
889,16,113,16 113,6.305406474,2015
890,17,1,17 1,7.664250153,2015
891,17,2,17 2,8.375776398,2015
892,17,3,17 3,7.370718183,2015
893,17,4,17 4,8.180892186,2015
894,17,5,17 5,7.036153846,2015
895,17,6,17 6,9.492127131,2015
896,17,7,17 7,10.8631857,2015
897,17,8,17 8,9.127206994,2015
898,17,9,17 9,9.081421466,2015
899,17,10,17 10,8.23159621,2015
900,17,11,17 11,10.04112774,2015
901,17,12,17 12,9.224860976,2015
902,17,13,17 13,8.389543726,2015
903,17,14,17 14,8.335530349,2015
904,17,15,17 15,7.359269598,2015
905,17,16,17 16,7.597447796,2015
906,17,17,17 17,8.044471382,2015
907,17,18,17 18,8.451782987,2015
908,17,19,17 19,7.479623647,2015
909,17,20,17 20,9.156968356,2015
910,17,21,17 21,8.36150693,2015
911,17,22,17 22,7.361950098,2015
912,17,23,17 23,7.665995526,2015
913,17,24,17 24,8.368399303,2015
914,17,25,17 25,8.413520364,2015
915,17,26,17 26,8.477258892,2015
916,17,27,17 27,8.227447854,2015
917,17,28,17 28,8.482304285,2015
918,17,29,17 29,8.770089983,2015
919,17,30,17 30,8.413255715,2015
920,17,31,17 31,9.838158901,2015
921,17,32,17 32,8.861296086,2015
922,17,33,17 33,7.903968254,2015
923,18,1,18 1,8.63336103,2015
924,18,2,18 2,8.2698099,2015
925,18,3,18 3,7.316532508,2015
926,18,4,18 4,8.005454433,2015
927,18,5,18 5,6.75184966,2015
928,18,6,18 6,8.596955381,2015
929,18,7,18 7,7.986158857,2015
930,18,8,18 8,10.29660224,2015
931,18,9,18 9,4.733597601,2015
932,18,10,18 10,7.642723326,2015
933,18,11,18 11,7.703408411,2015
934,18,12,18 12,7.372744157,2015
935,18,13,18 13,7.709727626,2015
936,18,14,18 14,7.51959342,2015
937,18,15,18 15,7.890968091,2015
938,18,16,18 16,7.996826247,2015
939,18,17,18 17,10.68973805,2015
940,18,18,18 18,8.402356406,2015
941,18,19,18 19,5.656511805,2015
942,18,20,18 20,9.05112647,2015
943,19,1,19 1,8.634490877,2015
944,19,2,19 2,7.183025404,2015
945,19,3,19 3,6.547770701,2015
946,19,4,19 4,8.652517408,2015
947,19,5,19 5,7.919892845,2015
948,19,6,19 6,10.62799015,2015
949,19,7,19 7,6.525697938,2015
950,19,8,19 8,8.417875343,2015
951,19,9,19 9,8.754696708,2015
952,19,10,19 10,8.934288121,2015
953,19,11,19 11,7.590953213,2015
954,19,12,19 12,8.90583707,2015
955,19,13,19 13,7.596386361,2015
956,19,14,19 14,6.554057929,2015
957,19,15,19 15,6.463742167,2015
958,19,16,19 16,7.290130152,2015
959,19,17,19 17,6.988772627,2015
960,19,18,19 18,9.875033822,2015
961,19,19,19 19,12.76039224,2015
962,19,20,19 20,7.52012212,2015
963,19,21,19 21,9.819305859,2015
964,19,22,19 22,7.355808611,2015
965,19,23,19 23,7.040951123,2015
966,19,24,19 24,6.773095172,2015
967,19,25,19 25,9.073863786,2015
968,19,26,19 26,10.60130498,2015
969,19,27,19 27,6.658385093,2015
970,19,28,19 28,7.943,2015
971,19,29,19 29,8.476159794,2015
972,19,30,19 30,6.805325186,2015
973,19,31,19 31,9.451244829,2015
974,19,32,19 32,7.431458699,2015
975,19,33,19 33,8.494690009,2015
976,19,34,19 34,8.146083476,2015
977,19,35,19 35,7.386466165,2015
978,19,36,19 36,5.344902913,2015
979,19,37,19 37,7.595344673,2015
980,19,38,19 38,8.754439882,2015
981,19,39,19 39,10.78275636,2015
982,19,40,19 40,7.900293255,2015
983,19,41,19 41,8.908391233,2015
984,19,42,19 42,6.725024093,2015
985,19,43,19 43,6.061573546,2015
986,19,44,19 44,9.13004726,2015
987,19,45,19 45,8.493003915,2015
988,19,46,19 46,11.39222353,2015
989,19,47,19 47,8.913563976,2015
990,19,48,19 48,10.23535444,2015
991,19,49,19 49,9.393179573,2015
992,19,50,19 50,6.674061433,2015
993,19,51,19 51,8.105504587,2015
994,20,1,20 1,5.221544715,2015
995,20,2,20 2,6.514064578,2015
996,20,3,20 3,5.410502959,2015
997,20,4,20 4,6.394148021,2015
998,20,5,20 5,7.606239616,2015
999,20,6,20 6,8.052575394,2015
1000,20,7,20 7,3.74010989,2015
1001,20,8,20 8,6.139405204,2015
1002,20,9,20 9,5.967002106,2015
1003,20,10,20 10,8.616761019,2015
1004,20,11,20 11,4.734463277,2015
1005,20,12,20 12,5.027334434,2015
1006,20,13,20 13,6.778640777,2015
1007,20,14,20 14,8.8901256,2015
1008,20,15,20 15,3.049062049,2015
1009,20,16,20 16,2.454343972,2015
1010,20,17,20 17,4.711753731,2015
1011,20,18,20 18,5.184466019,2015
1012,20,19,20 19,4.753388947,2015
1013,20,20,20 20,5.382860041,2015
1014,20,21,20 21,7.284126672,2015
1015,20,22,20 22,6.417253521,2015
1016,20,23,20 23,8.465926521,2015
1017,20,24,20 24,3.738782763,2015
1018,20,25,20 25,6.509934695,2015
1019,20,26,20 26,7.09394572,2015
1020,20,27,20 27,3.669312169,2015
1021,20,28,20 28,5.852456515,2015
1022,20,29,20 29,4.044174968,2015
1023,20,30,20 30,9.859738972,2015
1024,20,31,20 31,4.944035007,2015
1025,20,32,20 32,4.817771084,2015
1026,20,33,20 33,9.204793028,2015
1027,20,34,20 34,5.58410596,2015
1028,20,35,20 35,10.49171271,2015
1029,20,36,20 36,4.949656035,2015
1030,20,37,20 37,4.625147812,2015
1031,20,38,20 38,5.231178707,2015
1032,20,39,20 39,8.744877453,2015
1033,20,40,20 40,3.493529943,2015
1034,20,41,20 41,5.467854738,2015
1035,20,42,20 42,7.546543598,2015
1036,20,43,20 43,8.311243577,2015
1037,20,44,20 44,6.745578429,2015
1038,20,45,20 45,9.71663586,2015
1039,20,46,20 46,5.743801653,2015
1040,20,47,20 47,6.970149254,2015
1041,20,48,20 48,4.941915228,2015
1042,20,49,20 49,6.749322493,2015
1043,20,50,20 50,4.122340426,2015
1044,20,51,20 51,3.32912844,2015
1045,20,52,20 52,7.5900912,2015
1046,20,53,20 53,7.347391787,2015
1047,20,54,20 54,6.405904059,2015
1048,20,55,20 55,5.830804598,2015
1049,20,56,20 56,6.103729604,2015
1050,20,58,20 58,4.26440138,2015
1051,20,59,20 59,6.717382016,2015
1052,20,60,20 60,4.829113924,2015
1053,20,61,20 61,4.627992634,2015
1054,20,62,20 62,7.80994152,2015
1055,20,63,20 63,10.07975009,2015
1056,20,64,20 64,6.225599669,2015
1057,20,65,20 65,4.072302558,2015
1058,20,66,20 66,6.224684432,2015
1059,20,67,20 67,10.83531332,2015
1060,20,68,20 68,7.921943192,2015
1061,20,69,20 69,5.40503744,2015
1062,20,70,20 70,6.292443807,2015
1063,20,71,20 71,5.192330383,2015
1064,20,72,20 72,5.758419853,2015
1065,20,73,20 73,7.226509305,2015
1066,20,74,20 74,5.423664122,2015
1067,20,75,20 75,6.383618455,2015
1068,20,76,20 76,6.240879828,2015
1069,20,77,20 77,8.571085302,2015
1070,20,78,20 78,7.955223881,2015
1071,20,79,20 79,9.448045335,2015
1072,20,80,20 80,4.820881226,2015
1073,20,81,20 81,4.433823529,2015
1074,20,82,20 82,6.172330097,2015
1075,20,83,20 83,9.357058326,2015
1076,20,84,20 84,10.0968558,2015
1077,20,85,20 85,4.794342571,2015
1078,20,86,20 86,6.93015873,2015
1079,20,87,20 87,7.021131805,2015
1080,20,88,20 88,5.617233294,2015
1081,20,89,20 89,6.118692253,2015
1082,20,90,20 90,7.15133758,2015
1083,20,91,20 91,11.19128065,2015
1084,20,92,20 92,7.46886121,2015
1085,20,93,20 93,6.265895954,2015
1086,20,94,20 94,6.363475177,2015
1087,20,95,20 95,4.643568299,2015
1088,20,96,20 96,8.532921811,2015
1089,20,97,20 97,5.371989295,2015
1090,20,98,20 98,5.109984985,2015
1091,20,99,20 99,4.273684211,2015
1092,20,100,20 100,4.313432836,2015
1093,20,101,20 101,4.542,2015
1094,20,102,20 102,8.733333333,2015
1095,20,103,20 103,6.440784511,2015
1096,20,104,20 104,6.062335958,2015
1097,20,105,20 105,5.849391727,2015
1098,20,106,20 106,4.97752809,2015
1099,20,107,20 107,9.105696544,2015
1100,20,108,20 108,6.129279098,2015
1101,20,109,20 109,8.122166247,2015
1102,20,110,20 110,5.064968153,2015
1103,20,111,20 111,5.317062818,2015
1104,20,112,20 112,6.043432203,2015
1105,20,113,20 113,5.576377058,2015
1106,20,114,20 114,5.36,2015
1107,20,115,20 115,10.00312243,2015
1108,20,116,20 116,3.743100649,2015
1109,20,117,20 117,4.328066914,2015
1110,20,118,20 118,4.430546826,2015
1111,20,119,20 119,5.505494505,2015
1112,20,120,20 120,6.03875969,2015
1113,20,121,20 121,5.841304348,2015
1114,20,122,20 122,6.749425287,2015
1115,20,123,20 123,5.673677885,2015
1116,20,124,20 124,5.409488675,2015
1117,20,125,20 125,5.614273813,2015
1118,20,126,20 126,4.39057971,2015
1119,20,127,20 127,5.744897959,2015
1120,20,128,20 128,5.525330396,2015
1121,20,129,20 129,7.331967213,2015
1122,20,130,20 130,5.43068683,2015
1123,20,131,20 131,5.240102535,2015
1124,20,132,20 132,7.647138965,2015
1125,20,133,20 133,5.876492195,2015
1126,20,134,20 134,4.882248052,2015
1127,20,135,20 135,7.138894472,2015
1128,20,136,20 136,5.816266823,2015
1129,20,137,20 137,5.782003214,2015
1130,20,138,20 138,5.779761905,2015
1131,20,139,20 139,4.194618834,2015
1132,20,141,20 141,6.259293254,2015
1133,20,142,20 142,3.599118943,2015
1134,20,143,20 143,6.784506556,2015
1135,20,144,20 144,5.637037037,2015
1136,20,145,20 145,9.526519551,2015
1137,20,146,20 146,5.244870041,2015
1138,20,147,20 147,6.047244094,2015
1139,20,148,20 148,5,2015
1140,20,149,20 149,5.160965795,2015
1141,20,150,20 150,8.593968698,2015
1142,20,151,20 151,4.791469194,2015
1143,20,152,20 152,3.96883593,2015
1144,20,153,20 153,6.82716493,2015
1145,20,154,20 154,4.590604027,2015
1146,20,155,20 155,5.1121673,2015
1147,20,156,20 156,6.110819098,2015
1148,20,157,20 157,11.03681984,2015
1149,20,158,20 158,4.925696594,2015
1150,20,159,20 159,5.307751343,2015
1151,20,160,20 160,5.572198276,2015
1152,20,161,20 161,6.181818182,2015
1153,20,162,20 162,5.736790607,2015
1154,20,163,20 163,5.280628272,2015
1155,20,164,20 164,4.231365534,2015
1156,20,165,20 165,5.763761468,2015
1157,20,166,20 166,7.141561262,2015
1158,20,167,20 167,5.191769547,2015
1159,20,168,20 168,6.063106796,2015
1160,20,169,20 169,4.695712954,2015
1161,20,170,20 170,3.720113314,2015
1162,20,171,20 171,4.108572564,2015
1163,20,172,20 172,6.535353535,2015
1164,20,173,20 173,6.235055724,2015
1165,20,174,20 174,9.907675195,2015
1166,20,175,20 175,5.083073728,2015
1167,20,176,20 176,6.491652274,2015
1168,20,177,20 177,6.876684741,2015
1169,20,178,20 178,9.756691531,2015
1170,20,179,20 179,5.530454042,2015
1171,20,180,20 180,6.717697489,2015
1172,20,181,20 181,5.454545455,2015
1173,20,182,20 182,4.439065109,2015
1174,20,183,20 183,4.82987013,2015
1175,20,184,20 184,8.526587614,2015
1176,20,185,20 185,7.53178744,2015
1177,20,186,20 186,5.532608696,2015
1178,20,187,20 187,4.533112583,2015
1179,20,188,20 188,5.595798168,2015
1180,20,189,20 189,5.074285714,2015
1181,20,190,20 190,5.838991665,2015
1182,20,191,20 191,7.238493724,2015
1183,20,192,20 192,9.07082945,2015
1184,20,193,20 193,7.075927016,2015
1185,20,194,20 194,5.013859275,2015
1186,20,195,20 195,3.440789474,2015
1187,20,196,20 196,7.139372822,2015
1188,20,197,20 197,5.920267261,2015
1189,20,198,20 198,4.672323211,2015
1190,20,199,20 199,3.760107817,2015
1191,20,200,20 200,4.490724382,2015
1192,20,201,20 201,5.598925694,2015
1193,20,202,20 202,5.658828065,2015
1194,20,203,20 203,4.881111111,2015
1195,20,204,20 204,6.3356974,2015
1196,20,205,20 205,4.669804564,2015
1197,20,206,20 206,6.653723743,2015
1198,20,207,20 207,4.971195755,2015
1199,20,208,20 208,4.418695832,2015
1200,20,209,20 209,4.190677966,2015
1201,20,210,20 210,5.464626614,2015
1202,20,211,20 211,4.531034483,2015
1203,20,212,20 212,4.039895356,2015
1204,20,213,20 213,4.710804598,2015
1205,20,214,20 214,4.832307692,2015
1206,20,215,20 215,8.10989011,2015
1207,20,216,20 216,6.716019417,2015
1208,20,217,20 217,5.745189504,2015
1209,20,218,20 218,5.309973046,2015
1210,20,219,20 219,4.890350877,2015
1211,20,220,20 220,5.589392133,2015
1212,20,221,20 221,6.316502463,2015
1213,20,222,20 222,5.850777202,2015
1214,20,223,20 223,5.896666667,2015
1215,20,224,20 224,7.813679245,2015
1216,20,225,20 225,5.378523112,2015
1217,20,226,20 226,5.382709251,2015
1218,20,227,20 227,9.649249423,2015
1219,20,228,20 228,4.208333333,2015
1220,20,229,20 229,4.273886943,2015
1221,20,230,20 230,5.315619968,2015
1222,20,231,20 231,4.66603892,2015
1223,20,232,20 232,5.91359082,2015
1224,20,233,20 233,4.156606852,2015
1225,20,234,20 234,4.479266147,2015
1226,20,235,20 235,4.491729996,2015
1227,20,236,20 236,4.189486553,2015
1228,20,237,20 237,5.609492988,2015
1229,20,238,20 238,6.477272727,2015
1230,20,239,20 239,7.29394387,2015
1231,20,240,20 240,4.410509031,2015
1232,20,241,20 241,5.759668508,2015
1233,20,242,20 242,2.152148887,2015
1234,20,243,20 243,7.530612245,2015
1235,20,244,20 244,6.790489009,2015
1236,20,245,20 245,5.230483271,2015
1237,20,246,20 246,5.196682464,2015
1238,20,247,20 247,9.942607004,2015
1239,20,248,20 248,5.676928606,2015
1240,20,249,20 249,5.855860349,2015
1241,20,250,20 250,6.855742297,2015
1242,20,251,20 251,3.806853583,2015
1243,20,252,20 252,5.198275862,2015
1244,20,253,20 253,4.525289017,2015
1245,20,254,20 254,5.491021036,2015
1246,20,255,20 255,4.961321515,2015
1247,20,256,20 256,5.727891156,2015
1248,20,257,20 257,4.31625183,2015
1249,20,258,20 258,6.290513834,2015
1250,20,259,20 259,2.869093726,2015
1251,20,260,20 260,4.951414068,2015
1252,20,261,20 261,4.957818182,2015
1253,20,262,20 262,6.16481775,2015
1254,20,263,20 263,4.148988351,2015
1255,20,264,20 264,5.651012146,2015
1256,20,265,20 265,5.330706781,2015
1257,20,266,20 266,5.339060032,2015
1258,20,267,20 267,5.777777778,2015
1259,20,268,20 268,6.585760518,2015
1260,20,269,20 269,8.237989653,2015
1261,20,270,20 270,5.098950525,2015
1262,20,271,20 271,4.21627409,2015
1263,20,272,20 272,4.484790875,2015
1264,20,273,20 273,5.538245219,2015
1265,20,274,20 274,6.024020228,2015
1266,20,275,20 275,4.107583037,2015
1267,20,276,20 276,2.864476386,2015
1268,20,277,20 277,5.228454172,2015
1269,20,278,20 278,6.014748508,2015
1270,20,279,20 279,6.0059988,2015
1271,20,280,20 280,6.544078947,2015
1272,20,281,20 281,6.426470588,2015
1273,20,282,20 282,6.010615711,2015
1274,20,283,20 283,6.190697674,2015
1275,20,284,20 284,3.223736513,2015
1276,20,285,20 285,6.794209354,2015
1277,20,286,20 286,5.109412327,2015
1278,20,287,20 287,5.776255708,2015
1279,20,288,20 288,5.745714286,2015
1280,20,289,20 289,4.510013351,2015
1281,20,290,20 290,5.654639175,2015
1282,20,291,20 291,5.4159699,2015
1283,20,292,20 292,5.978835979,2015
1284,20,293,20 293,11.00539517,2015
1285,20,294,20 294,8.977102504,2015
1286,20,295,20 295,8.177002584,2015
1287,20,296,20 296,5.647249191,2015
1288,20,297,20 297,5.812046444,2015
1289,20,298,20 298,6.52512503,2015
1290,20,299,20 299,5.665701881,2015
1291,20,300,20 300,6.268745169,2015
1292,20,301,20 301,6.62416746,2015
1293,20,302,20 302,5.196273292,2015
1294,20,303,20 303,6.498663102,2015
1295,20,304,20 304,5.101419878,2015
1296,20,305,20 305,10.01740614,2015
1297,20,306,20 306,3.983351831,2015
1298,20,307,20 307,6.701957158,2015
1299,20,308,20 308,7.318665377,2015
1300,20,309,20 309,5.284869976,2015
1301,20,310,20 310,7.192173576,2015
1302,20,311,20 311,4.645776567,2015
1303,20,312,20 312,5.8898685,2015
1304,20,313,20 313,5.02972028,2015
1305,20,314,20 314,6.149706458,2015
1306,20,315,20 315,5.570035461,2015
1307,20,316,20 316,6.025641026,2015
1308,20,317,20 317,6.151358344,2015
1309,20,318,20 318,7.994277822,2015
1310,20,319,20 319,5.744619799,2015
1311,20,320,20 320,6.060267857,2015
1312,20,321,20 321,5.177458034,2015
1313,20,322,20 322,3.914225941,2015
1314,20,323,20 323,5.260334213,2015
1315,20,324,20 324,6.779702366,2015
1316,20,325,20 325,4.683956386,2015
1317,20,326,20 326,4.806190125,2015
1318,20,327,20 327,6.299917662,2015
1319,20,328,20 328,4.954154728,2015
1320,20,329,20 329,5.718146718,2015
1321,20,330,20 330,5.360428232,2015
1322,20,331,20 331,4.803986711,2015
1323,20,332,20 332,5.477366255,2015
1324,20,333,20 333,6.554700385,2015
1325,20,334,20 334,6.293878561,2015
1326,20,335,20 335,5.584729981,2015
1327,20,336,20 336,5.205173952,2015
1328,20,337,20 337,4.492802143,2015
1329,20,338,20 338,9.872009061,2015
1330,20,339,20 339,8.425946757,2015
1331,20,340,20 340,5.934966216,2015
1332,20,341,20 341,6.442176871,2015
1333,20,342,20 342,10.57828054,2015
1334,20,343,20 343,6.874637681,2015
1335,20,344,20 344,5.50798722,2015
1336,20,345,20 345,6.778173191,2015
1337,20,346,20 346,5.543895055,2015
1338,20,347,20 347,5.980123048,2015
1339,20,348,20 348,5.32165725,2015
1340,20,349,20 349,6.271249076,2015
1341,20,350,20 350,12.12030472,2015
1342,20,351,20 351,4.500279174,2015
1343,20,352,20 352,3.020539153,2015
1344,20,353,20 353,5.567630962,2015
1345,20,354,20 354,3.673139159,2015
1346,20,355,20 355,4.701030928,2015
1347,20,356,20 356,6.0521262,2015
1348,20,357,20 357,5.703259005,2015
1349,20,358,20 358,5.461760462,2015
1350,20,359,20 359,5.41089838,2015
1351,20,360,20 360,6.108678344,2015
1352,20,361,20 361,4.593927894,2015
1353,20,362,20 362,5.835209826,2015
1354,20,363,20 363,6.889269406,2015
1355,20,364,20 364,5.978308501,2015
1356,20,365,20 365,6.998689384,2015
1357,20,366,20 366,5.000477783,2015
1358,20,367,20 367,5.47741236,2015
1359,20,368,20 368,6.222573007,2015
1360,20,369,20 369,6.974607916,2015
1361,20,370,20 370,7.877880184,2015
1362,20,371,20 371,6.01294964,2015
1363,20,372,20 372,4.882032668,2015
1364,20,373,20 373,5.577235772,2015
1365,20,374,20 374,5.242574257,2015
1366,20,375,20 375,10.05537151,2015
1367,20,376,20 376,5.025974026,2015
1368,20,377,20 377,6.086466165,2015
1369,20,378,20 378,6.565052232,2015
1370,20,379,20 379,6.013285024,2015
1371,20,380,20 380,6.379020979,2015
1372,20,381,20 381,6.02208589,2015
1373,20,382,20 382,5.981375358,2015
1374,20,383,20 383,6.915167095,2015
1375,20,384,20 384,4.39469914,2015
1376,20,385,20 385,10.11154875,2015
1377,20,386,20 386,4.477214377,2015
1378,20,387,20 387,6.51138088,2015
1379,20,388,20 388,5.106333073,2015
1380,20,389,20 389,4.337758112,2015
1381,20,390,20 390,11.01870231,2015
1382,20,391,20 391,3.449656751,2015
1383,20,392,20 392,5.28099818,2015
1384,20,393,20 393,5.015073384,2015
1385,20,394,20 394,6.365279299,2015
1386,20,395,20 395,3.437148218,2015
1387,20,396,20 396,2.799586777,2015
1388,20,397,20 397,8.749479188,2015
1389,20,398,20 398,5.244670051,2015
1390,20,399,20 399,9.666254352,2015
1391,20,400,20 400,6.053357866,2015
1392,20,401,20 401,7.283058552,2015
1393,20,402,20 402,6.702743902,2015
1394,20,403,20 403,9.003121748,2015
1395,20,404,20 404,7.080234834,2015
1396,20,405,20 405,5.579300074,2015
1397,20,406,20 406,4.112311015,2015
1398,20,408,20 408,6.759615385,2015
1399,20,409,20 409,10.80734375,2015
1400,20,410,20 410,6.461,2015
1401,20,411,20 411,7.428571429,2015
1402,20,412,20 412,5.415742794,2015
1403,20,413,20 413,8.295420036,2015
1404,20,414,20 414,6.190953375,2015
1405,20,415,20 415,5.485517241,2015
1406,20,416,20 416,5.437325905,2015
1407,20,417,20 417,6.098974962,2015
1408,20,418,20 418,7.935300926,2015
1409,20,419,20 419,6.765060241,2015
1410,20,420,20 420,5.648217636,2015
1411,20,421,20 421,7.895632627,2015
1412,20,422,20 422,6.551219512,2015
1413,20,423,20 423,5.368571429,2015
1414,20,424,20 424,4.812055055,2015
1415,20,425,20 425,5.349013657,2015
1416,20,426,20 426,5.452254642,2015
1417,20,428,20 428,5.60038059,2015
1418,20,429,20 429,5.174892704,2015
1419,20,430,20 430,6.04964539,2015
1420,20,431,20 431,7.624192059,2015
1421,20,432,20 432,6.254872564,2015
1422,20,433,20 433,3.633226324,2015
1423,20,434,20 434,4.111061947,2015
1424,20,435,20 435,4.104935065,2015
1425,20,436,20 436,4.561919505,2015
1426,20,437,20 437,5.99301755,2015
1427,20,438,20 438,4.353846154,2015
1428,20,439,20 439,5.691777963,2015
1429,20,440,20 440,5.409317804,2015
1430,20,441,20 441,4.969421488,2015
1431,20,442,20 442,5.791208791,2015
1432,20,443,20 443,7.241887906,2015
1433,20,444,20 444,5.955645161,2015
1434,20,445,20 445,6.281075028,2015
1435,20,446,20 446,5.932007051,2015
1436,20,447,20 447,5.515698342,2015
1437,20,448,20 448,5.239626556,2015
1438,20,449,20 449,5.025025536,2015
1439,20,450,20 450,4.19435337,2015
1440,20,451,20 451,4.166129032,2015
1441,20,452,20 452,4.72945966,2015
1442,20,453,20 453,7.25084317,2015
1443,20,454,20 454,5.264523407,2015
1444,20,455,20 455,5.238159675,2015
1445,20,456,20 456,5.327083333,2015
1446,20,457,20 457,5.20751634,2015
1447,20,458,20 458,6.421207658,2015
1448,20,459,20 459,7.163845877,2015
1449,20,460,20 460,4.762410134,2015
1450,20,461,20 461,3.984375,2015
1451,20,462,20 462,7.176670442,2015
1452,20,463,20 463,5.443569554,2015
1453,20,464,20 464,5.041493776,2015
1454,20,465,20 465,5.062713797,2015
1455,20,466,20 466,4.136001181,2015
1456,20,467,20 467,6.801544205,2015
1457,20,468,20 468,4.901822536,2015
1458,20,469,20 469,5.683145505,2015
1459,20,470,20 470,5.53262519,2015
1460,20,471,20 471,6.852201258,2015
1461,20,472,20 472,7.958189655,2015
1462,20,473,20 473,6.287914692,2015
1463,20,474,20 474,6.904135338,2015
1464,20,475,20 475,5.464141821,2015
1465,20,476,20 476,6.597069597,2015
1466,20,477,20 477,4.394273128,2015
1467,20,478,20 478,5.253397282,2015
1468,20,479,20 479,5.167701863,2015
1469,20,480,20 480,5.646280992,2015
1470,20,481,20 481,6.247355574,2015
1471,20,482,20 482,7.470665768,2015
1472,20,483,20 483,8.05352364,2015
1473,20,484,20 484,5.490751673,2015
1474,20,485,20 485,4.661662818,2015
1475,20,486,20 486,6.827296248,2015
1476,20,487,20 487,7.521772939,2015
1477,20,488,20 488,5.228915663,2015
1478,20,489,20 489,5.574909091,2015
1479,20,490,20 490,3.928220859,2015
1480,20,491,20 491,6.344646272,2015
1481,20,492,20 492,5.390127389,2015
1482,20,493,20 493,7.470899471,2015
1483,20,494,20 494,4.554549035,2015
1484,20,495,20 495,4.450386215,2015
1485,20,496,20 496,8.037719298,2015
1486,20,497,20 497,3.070509978,2015
1487,20,498,20 498,5.228396515,2015
1488,20,499,20 499,8.599259259,2015
1489,20,500,20 500,6.088919558,2015
1490,20,501,20 501,5.004594181,2015
1491,20,502,20 502,4.380445627,2015
1492,20,503,20 503,5.80866426,2015
1493,20,504,20 504,6.538071066,2015
1494,20,505,20 505,7.288150648,2015
1495,20,506,20 506,5.632495164,2015
1496,20,507,20 507,5.192946058,2015
1497,20,508,20 508,7.698874296,2015
1498,20,509,20 509,4.536397059,2015
1499,20,510,20 510,6.609195402,2015
1500,20,511,20 511,6.169005848,2015
1501,20,512,20 512,4.208768267,2015
1502,20,513,20 513,5.562051848,2015
1503,20,514,20 514,4.959459459,2015
1504,20,515,20 515,8.396917891,2015
1505,20,516,20 516,5.189028651,2015
1506,20,517,20 517,4.052800571,2015
1507,20,518,20 518,6.516129032,2015
1508,20,519,20 519,7.365642994,2015
1509,20,520,20 520,5.498955189,2015
1510,20,521,20 521,5.590361446,2015
1511,20,522,20 522,5.323029366,2015
1512,20,523,20 523,7.978640777,2015
1513,20,524,20 524,5.134146341,2015
1514,20,525,20 525,6.302749936,2015
1515,20,526,20 526,5.713787607,2015
1516,20,527,20 527,4.831120944,2015
1517,20,528,20 528,3.882525698,2015
1518,20,529,20 529,3.930379747,2015
1519,20,530,20 530,6.585154827,2015
1520,20,531,20 531,7.567313345,2015
1521,20,532,20 532,5.45026643,2015
1522,20,533,20 533,6.235820896,2015
1523,20,534,20 534,4.401168452,2015
1524,20,535,20 535,5.24,2015
1525,20,536,20 536,5.987138264,2015
1526,20,537,20 537,5.490014265,2015
1527,20,538,20 538,5.267002519,2015
1528,20,539,20 539,9.10369164,2015
1529,20,540,20 540,8.841342335,2015
1530,20,541,20 541,6.150828248,2015
1531,20,542,20 542,5.122123894,2015
1532,20,543,20 543,5.04341133,2015
1533,20,544,20 544,6.064971751,2015
1534,20,545,20 545,8.981624282,2015
1535,20,546,20 546,6.623954747,2015
1536,20,547,20 547,6.627608347,2015
1537,20,548,20 548,5.998948475,2015
1538,20,549,20 549,5.31245708,2015
1539,20,550,20 550,7.527762947,2015
1540,20,551,20 551,8.250322231,2015
1541,20,552,20 552,6.137184116,2015
1542,20,553,20 553,8.346153846,2015
1543,20,554,20 554,4.950535602,2015
1544,20,555,20 555,6.437591064,2015
1545,20,556,20 556,6.232142857,2015
1546,20,557,20 557,8.348834989,2015
1547,20,558,20 558,6.607061503,2015
1548,20,559,20 559,6.402955803,2015
1549,20,560,20 560,5.37433274,2015
1550,20,561,20 561,6.161251504,2015
1551,20,562,20 562,7.097363083,2015
1552,20,563,20 563,3.50726257,2015
1553,20,564,20 564,5.698347107,2015
1554,20,565,20 565,8.582218224,2015
1555,20,566,20 566,5.059059633,2015
1556,20,567,20 567,4.136720796,2015
1557,20,568,20 568,5.058823529,2015
1558,20,569,20 569,5.86496695,2015
1559,20,570,20 570,7.817052915,2015
1560,21,1,21 1,6.678396449,2015
1561,21,2,21 2,6.074042408,2015
1562,21,3,21 3,8.016609544,2015
1563,21,4,21 4,6.846107167,2015
1564,21,5,21 5,5.397273612,2015
1565,21,6,21 6,4.536755601,2015
1566,21,7,21 7,5.154774397,2015
1567,21,8,21 8,7.749710983,2015
1568,21,9,21 9,5.925647452,2015
1569,21,10,21 10,5.463813892,2015
1570,21,11,21 11,5.668449198,2015
1571,21,12,21 12,6.64008274,2015
1572,21,13,21 13,6.015673506,2015
1573,21,14,21 14,4.991301322,2015
1574,21,15,21 15,8.63060216,2015
1575,21,16,21 16,6.107859689,2015
1576,21,17,21 17,6.507179857,2015
1577,21,18,21 18,6.199113082,2015
1578,21,19,21 19,8.504683144,2015
1579,21,20,21 20,7.001232438,2015
1580,21,21,21 21,7.027160494,2015
1581,21,22,21 22,5.868729989,2015
1582,21,23,21 23,5.633262671,2015
1583,21,24,21 24,5.00974026,2015
1584,21,25,21 25,6.990617377,2015
1585,21,26,21 26,6.360247077,2015
1586,21,27,21 27,5.586097946,2015
1587,21,28,21 28,4.686030429,2015
1588,21,29,21 29,6.389718805,2015
1589,21,30,21 30,5.508368201,2015
1590,21,31,21 31,4.908690869,2015
1591,21,32,21 32,5.520722635,2015
1592,21,33,21 33,7.126602564,2015
1593,21,34,21 34,8.470515824,2015
1594,21,35,21 35,7.484706443,2015
1595,21,36,21 36,4.246619267,2015
1596,21,37,21 37,6.705689993,2015
1597,21,38,21 38,6.89614711,2015
1598,21,39,21 39,5.812722737,2015
1599,21,40,21 40,6.812543074,2015
1600,21,41,21 41,10.4976876,2015
1601,21,42,21 42,5.69114786,2015
1602,21,43,21 43,6.528144007,2015
1603,21,44,21 44,6.983683505,2015
1604,21,45,21 45,7.738221846,2015
1605,21,46,21 46,6.48112544,2015
1606,21,47,21 47,7.344765343,2015
1607,21,48,21 48,7.628654264,2015
1608,21,49,21 49,4.113071175,2015
1609,21,50,21 50,4.471986285,2015
1610,21,51,21 51,6.948820508,2015
1611,21,52,21 52,5.142675159,2015
1612,21,53,21 53,6.886195268,2015
1613,21,54,21 54,6.053948145,2015
1614,21,55,21 55,6.103074141,2015
1615,21,56,21 56,5.18887723,2015
1616,21,57,21 57,5.488937093,2015
1617,21,58,21 58,4.268055952,2015
1618,21,59,21 59,6.224860335,2015
1619,21,60,21 60,6.195144725,2015
1620,21,61,21 61,4.165890028,2015
1621,21,62,21 62,6.631163708,2015
1622,21,63,21 63,6.921323448,2015
1623,21,64,21 64,6.700588885,2015
1624,21,65,21 65,5.71578141,2015
1625,21,66,21 66,5.191506199,2015
1626,21,67,21 67,6.472219316,2015
1627,21,68,21 68,4.623918349,2015
1628,21,69,21 69,5.953128064,2015
1629,21,70,21 70,4.668590065,2015
1630,21,71,21 71,8.23777887,2015
1631,21,72,21 72,4.343495377,2015
1632,21,73,21 73,6.320827943,2015
1633,21,74,21 74,8.906844275,2015
1634,21,75,21 75,6.869833263,2015
1635,21,76,21 76,5.933931688,2015
1636,21,77,21 77,4.358850129,2015
1637,21,78,21 78,4.812538189,2015
1638,21,79,21 79,7.697976442,2015
1639,21,80,21 80,4.8,2015
1640,21,81,21 81,4.870939421,2015
1641,21,82,21 82,8.364651163,2015
1642,21,83,21 83,5.952273504,2015
1643,21,84,21 84,4.630461313,2015
1644,21,85,21 85,8.061845015,2015
1645,21,86,21 86,5.808002223,2015
1646,21,87,21 87,5.158673406,2015
1647,21,88,21 88,6.027709576,2015
1648,21,89,21 89,5.063342318,2015
1649,21,90,21 90,8.362736761,2015
1650,21,91,21 91,8.839868346,2015
1651,21,92,21 92,5.346761199,2015
1652,21,93,21 93,5.521612028,2015
1653,21,94,21 94,7.851073667,2015
1654,21,95,21 95,8.196721311,2015
1655,21,96,21 96,7.03867713,2015
1656,21,97,21 97,8.596526386,2015
1657,21,98,21 98,6.888664479,2015
1658,21,99,21 99,5.756234414,2015
1659,21,100,21 100,5.335531005,2015
1660,21,101,21 101,6.19266055,2015
1661,21,102,21 102,6.698677801,2015
1662,21,103,21 103,6.203417413,2015
1663,21,104,21 104,6.901021165,2015
1664,21,105,21 105,6.496747689,2015
1665,21,106,21 106,6.452022548,2015
1666,21,107,21 107,4.141181777,2015
1667,21,108,21 108,7.234133235,2015
1668,21,109,21 109,5.855239929,2015
1669,21,110,21 110,5.658959763,2015
1670,21,111,21 111,5.700732473,2015
1671,21,112,21 112,5.771542048,2015
1672,21,113,21 113,5.570839065,2015
1673,21,114,21 114,10.69384202,2015
1674,21,115,21 115,5.398350384,2015
1675,21,116,21 116,4.665175499,2015
1676,21,117,21 117,8.077474561,2015
1677,21,118,21 118,6.582672001,2015
1678,21,119,21 119,11.36937779,2015
1679,21,120,21 120,5.110233733,2015
1680,21,121,21 121,5.008230453,2015
1681,21,122,21 122,7.7639385,2015
1682,21,123,21 123,4.414216762,2015
1683,21,124,21 124,6.495862,2015
1684,21,125,21 125,8.950961705,2015
1685,21,126,21 126,7.095495009,2015
1686,21,127,21 127,6.087362171,2015
1687,21,128,21 128,6.543581919,2015
1688,21,129,21 129,5.673751974,2015
1689,21,130,21 130,6.247058824,2015
1690,21,131,21 131,7.116634799,2015
1691,21,132,21 132,9.004479213,2015
1692,21,133,21 133,6.489559165,2015
1693,21,134,21 134,7.593674535,2015
1694,21,135,21 135,4.971509972,2015
1695,21,136,21 136,9.564392463,2015
1696,21,137,21 137,5.571356952,2015
1697,21,139,21 139,6.681559352,2015
1698,21,140,21 140,9.741345831,2015
1699,21,141,21 141,6.649411765,2015
1700,21,142,21 142,6.460592329,2015
1701,21,143,21 143,8.093940991,2015
1702,21,144,21 144,6.974473443,2015
1703,21,145,21 145,4.78559914,2015
1704,21,146,21 146,4.551594747,2015
1705,21,147,21 147,5.900841662,2015
1706,21,148,21 148,6.270040635,2015
1707,21,149,21 149,6.864653017,2015
1708,21,150,21 150,5.5659945,2015
1709,21,151,21 151,8.12128666,2015
1710,21,152,21 152,6.239246594,2015
1711,21,153,21 153,8.084946397,2015
1712,21,154,21 154,7.943982179,2015
1713,21,155,21 155,7.271668088,2015
1714,21,156,21 156,8.623166537,2015
1715,21,157,21 157,6.108199972,2015
1716,21,158,21 158,6.491953023,2015
1717,21,159,21 159,3.662120031,2015
1718,21,160,21 160,6.364792176,2015
1719,21,161,21 161,7.109059995,2015
1720,21,162,21 162,4.882055602,2015
1721,21,163,21 163,6.782220086,2015
1722,21,164,21 164,7.864451477,2015
1723,21,165,21 165,4.834459459,2015
1724,21,166,21 166,6.098403268,2015
1725,21,167,21 167,4.311048336,2015
1726,21,168,21 168,5.534102307,2015
1727,21,169,21 169,6.97813434,2015
1728,21,170,21 170,6.341530322,2015
1729,21,171,21 171,7.899122807,2015
1730,21,172,21 172,6.618011709,2015
1731,21,173,21 173,9.825061695,2015
1732,21,174,21 174,8.712562717,2015
1733,21,175,21 175,6.930555556,2015
1734,21,176,21 176,7.002666667,2015
1735,21,177,21 177,5.844349381,2015
1736,21,178,21 178,5.383104126,2015
1737,21,179,21 179,6.517902436,2015
1738,21,180,21 180,7.39711367,2015
1739,21,181,21 181,7.800769046,2015
1740,21,182,21 182,7.517492206,2015
1741,21,183,21 183,4.84376436,2015
1742,21,184,21 184,4.948551313,2015
1743,21,185,21 185,5.789757412,2015
1744,21,186,21 186,7.532922318,2015
1745,21,187,21 187,5.745481928,2015
1746,21,188,21 188,5.957108961,2015
1747,21,189,21 189,7.420588465,2015
1748,21,190,21 190,7.195214106,2015
1749,21,191,21 191,5.53234175,2015
1750,21,192,21 192,6.787893008,2015
1751,21,193,21 193,6.071380014,2015
1752,21,194,21 194,7.291378155,2015
1753,21,195,21 195,4.255252336,2015
1754,21,196,21 196,6.80738523,2015
1755,21,197,21 197,7.502567237,2015
1756,21,198,21 198,5.547169811,2015
1757,21,199,21 199,5.88304015,2015
1758,21,200,21 200,6.120550546,2015
1759,21,201,21 201,5.353405726,2015
1760,21,202,21 202,5.329671839,2015
1761,21,203,21 203,5.731972789,2015
1762,21,204,21 204,8.455048126,2015
1763,21,205,21 205,6.361941089,2015
1764,21,206,21 206,5.340355975,2015
1765,21,207,21 207,7.263890169,2015
1766,21,208,21 208,8.007073176,2015
1767,21,209,21 209,6.864416476,2015
1768,21,210,21 210,6.323365582,2015
1769,21,211,21 211,9.107266436,2015
1770,21,212,21 212,5.857893799,2015
1771,21,213,21 213,5.517518817,2015
1772,21,214,21 214,6.207963334,2015
1773,21,215,21 215,6.061411549,2015
1774,21,216,21 216,5.207887701,2015
1775,21,217,21 217,3.719525902,2015
1776,22,1,22 1,6.302509685,2015
1777,22,2,22 2,6.159155937,2015
1778,22,3,22 3,6.464982215,2015
1779,22,4,22 4,6.945667242,2015
1780,22,5,22 5,7.02330641,2015
1781,22,6,22 6,11.53582167,2015
1782,22,7,22 7,7.536347446,2015
1783,22,8,22 8,6.451547047,2015
1784,22,9,22 9,7.318995971,2015
1785,22,10,22 10,5.834327802,2015
1786,22,11,22 11,8.883398801,2015
1787,22,12,22 12,8.115084142,2015
1788,22,13,22 13,6.513778529,2015
1789,22,14,22 14,10.57895243,2015
1790,22,15,22 15,6.979242535,2015
1791,22,16,22 16,9.31577068,2015
1792,22,17,22 17,8.331830698,2015
1793,22,18,22 18,7.459992888,2015
1794,23,1,23 1,9.432409604,2015
1795,23,2,23 2,7.655611924,2015
1796,23,3,23 3,8.415530481,2015
1797,23,4,23 4,9.663855953,2015
1798,23,5,23 5,10.01733121,2015
1799,23,6,23 6,7.33225542,2015
1800,23,7,23 7,7.331791063,2015
1801,23,8,23 8,10.02700989,2015
1802,23,9,23 9,8.793558884,2015
1803,23,10,23 10,7.187841971,2015
1804,24,1,24 1,6.760653931,2015
1805,24,2,24 2,5.681818182,2015
1806,24,3,24 3,5.393316195,2015
1807,24,4,24 4,5.196655762,2015
1808,24,5,24 5,7.677039598,2015
1809,24,6,24 6,6.383248313,2015
1810,24,7,24 7,8.213039014,2015
1811,24,8,24 8,7.30689254,2015
1812,24,9,24 9,8.524913495,2015
1813,24,10,24 10,6.859320687,2015
1814,24,11,24 11,7.625952025,2015
1815,24,12,24 12,7.276793178,2015
1816,24,13,24 13,9.214247134,2015
1817,24,14,24 14,6.85696068,2015
1818,24,15,24 15,7.596492566,2015
1819,24,16,24 16,7.581171563,2015
1820,24,17,24 17,5.318187333,2015
1821,24,18,24 18,7.566958698,2015
1822,24,19,24 19,4.991858887,2015
1823,24,20,24 20,9.151875262,2015
1824,24,21,24 21,7.701045396,2015
1825,24,22,24 22,5.934651617,2015
1826,24,23,24 23,6.236561325,2015
1827,24,24,24 24,7.690629542,2015
1828,24,25,24 25,7.004323156,2015
1829,24,26,24 26,6.716737405,2015
1830,24,27,24 27,6.29005901,2015
1831,24,28,24 28,10.61129305,2015
1832,24,29,24 29,6.059797117,2015
1833,24,30,24 30,5.360994691,2015
1834,24,31,24 31,4.346276257,2015
1835,24,32,24 32,6.794939639,2015
1836,24,33,24 33,5.68991946,2015
1837,24,34,24 34,7.378884632,2015
1838,24,35,24 35,9.990141647,2015
1839,24,36,24 36,6.597836412,2015
1840,24,37,24 37,7.0996314,2015
1841,24,38,24 38,7.372777437,2015
1842,24,39,24 39,7.09822003,2015
1843,24,40,24 40,7.733725848,2015
1844,24,41,24 41,6.880858519,2015
1845,24,42,24 42,7.848622903,2015
1846,24,43,24 43,6.006205674,2015
1847,24,44,24 44,6.417842414,2015
1848,24,45,24 45,6.542493529,2015
1849,24,46,24 46,6.391879131,2015
1850,24,47,24 47,5.464925012,2015
1851,24,48,24 48,7.962929746,2015
1852,24,49,24 49,5.643487502,2015
1853,24,50,24 50,6.878851517,2015
1854,24,51,24 51,6.543978627,2015
1855,24,52,24 52,5.750896057,2015
1856,24,53,24 53,7.659713737,2015
1857,24,54,24 54,6.935123981,2015
1858,24,55,24 55,6.602433153,2015
1859,24,56,24 56,6.50659051,2015
1860,24,57,24 57,6.766881973,2015
1861,24,58,24 58,7.437267895,2015
1862,25,1,25 1,10.07355837,2015
1863,25,2,25 2,8.274237182,2015
1864,25,3,25 3,6.363781886,2015
1865,25,4,25 4,7.908540763,2015
1866,25,5,25 5,6.920513351,2015
1867,25,6,25 6,10.4692852,2015
1868,25,7,25 7,6.27407151,2015
1869,25,8,25 8,7.188866553,2015
1870,25,9,25 9,8.62000975,2015
1871,25,10,25 10,8.056255261,2015
1872,25,11,25 11,8.658226609,2015
1873,25,12,25 12,10.2962975,2015
1874,25,13,25 13,7.080944902,2015
1875,25,14,25 14,8.438394919,2015
1876,25,15,25 15,9.756898867,2015
1877,25,16,25 16,7.310344828,2015
1878,25,17,25 17,6.912313933,2015
1879,25,18,25 18,7.737289603,2015
1880,26,1,26 1,8.063606195,2015
1881,26,2,26 2,9.147501529,2015
1882,26,3,26 3,7.031111643,2015
1883,26,4,26 4,8.119561372,2015
1884,26,5,26 5,7.799270073,2015
1885,26,6,26 6,7.591309131,2015
1886,26,7,26 7,8.251231527,2015
1887,26,8,26 8,6.782841823,2015
1888,26,9,26 9,6.931972789,2015
1889,26,10,26 10,7.282758621,2015
1890,26,11,26 11,7.447830102,2015
1891,26,12,26 12,8.128610318,2015
1892,26,13,26 13,8.159351145,2015
1893,26,14,26 14,8.008485931,2015
1894,26,15,26 15,7.271111111,2015
1895,26,16,26 16,8.542690058,2015
1896,26,17,26 17,9.043290761,2015
1897,26,18,26 18,10.28405998,2015
1898,26,19,26 19,10.09623358,2015
1899,26,20,26 20,7.616840731,2015
1900,26,21,26 21,7.175084175,2015
1901,26,22,26 22,7.128398792,2015
1902,26,23,26 23,8.934931507,2015
1903,26,24,26 24,7.814141414,2015
1904,26,25,26 25,9.292541756,2015
1905,26,26,26 26,8.595757454,2015
1906,26,27,26 27,9.116708812,2015
1907,26,28,26 28,8.541428571,2015
1908,26,29,26 29,9.64076399,2015
1909,26,30,26 30,11.07246948,2015
1910,26,31,26 31,7.038461538,2015
1911,26,32,26 32,8.29787234,2015
1912,26,33,26 33,8.91159445,2015
1913,26,34,26 34,8.270034843,2015
1914,26,35,26 35,8.334824853,2015
1915,26,36,26 36,9.434075257,2015
1916,26,37,26 37,8.177727784,2015
1917,26,38,26 38,9.967682927,2015
1918,26,39,26 39,8.94347946,2015
1919,26,40,26 40,6.396226415,2015
1920,26,41,26 41,9.525250119,2015
1921,26,42,26 42,9.782002852,2015
1922,26,43,26 43,10.40146476,2015
1923,26,44,26 44,7.33030303,2015
1924,26,45,26 45,7.022446689,2015
1925,26,46,26 46,6.951851852,2015
1926,26,47,26 47,8.702309805,2015
1927,26,48,26 48,9.357562815,2015
1928,26,49,26 49,6.235725511,2015
1929,26,50,26 50,7.050524309,2015
1930,26,51,26 51,6.84423019,2015
1931,26,52,26 52,7.805281408,2015
1932,26,53,26 53,8.733333333,2015
1933,26,54,26 54,8.153225806,2015
1934,26,55,26 55,8.972801098,2015
1935,26,56,26 56,5.650814957,2015
1936,26,57,26 57,6.940520446,2015
1937,26,58,26 58,9.275703177,2015
1938,26,59,26 59,7.903864279,2015
1939,26,60,26 60,6.971745711,2015
1940,26,61,26 61,6.909090909,2015
1941,26,62,26 62,7.118890357,2015
1942,26,63,26 63,7.600671141,2015
1943,26,64,26 64,7.036346692,2015
1944,26,65,26 65,6.396014944,2015
1945,26,66,26 66,8.34520198,2015
1946,26,67,26 67,7.699814126,2015
1947,26,68,26 68,7.412249706,2015
1948,26,69,26 69,6.567148208,2015
1949,26,71,26 71,8.611537109,2015
1950,26,72,26 72,8.019395384,2015
1951,27,1,27 1,7.499046358,2015
1952,27,2,27 2,8.388564463,2015
1953,27,3,27 3,8.488167898,2015
1954,27,4,27 4,10.70380595,2015
1955,27,5,27 5,8.726565011,2015
1956,27,6,27 6,8.238184835,2015
1957,27,7,27 7,8.638790036,2015
1958,27,8,27 8,7.947251507,2015
1959,27,9,27 9,8.257334285,2015
1960,27,10,27 10,8.98704602,2015
1961,27,11,27 11,7.30244885,2015
1962,27,12,27 12,8.767255868,2015
1963,27,13,27 13,10.13852391,2015
1964,27,14,27 14,9.474647151,2015
1965,27,15,27 15,7.887522145,2015
1966,27,16,27 16,7.652234525,2015
1967,27,17,27 17,8.009360626,2015
1968,28,1,28 1,6.952191746,2015
1969,28,2,28 2,7.352643012,2015
1970,28,3,28 3,9.208508795,2015
1971,28,4,28 4,7.091859936,2015
1972,28,5,28 5,5.974752317,2015
1973,28,6,28 6,5.290683483,2015
1974,28,7,28 7,7.843746846,2015
1975,28,8,28 8,6.149726349,2015
1976,28,9,28 9,10.99879074,2015
1977,28,10,28 10,6.143625192,2015
1978,28,11,28 11,7.561924754,2015
1979,28,12,28 12,6.78532945,2015
1980,28,13,28 13,7.04190327,2015
1981,28,14,28 14,7.851779935,2015
1982,28,15,28 15,7.926459293,2015
1983,28,16,28 16,6.680413704,2015
1984,28,17,28 17,7.579849283,2015
1985,28,18,28 18,7.707374954,2015
1986,28,19,28 19,6.630040147,2015
1987,28,20,28 20,6.750286369,2015
1988,28,21,28 21,9.202636488,2015
1989,28,22,28 22,9.370638394,2015
1990,28,23,28 23,6.433561397,2015
1991,28,24,28 24,8.362299465,2015
1992,28,25,28 25,8.702058151,2015
1993,28,26,28 26,5.983747178,2015
1994,28,27,28 27,9.392971041,2015
1995,28,28,28 28,7.289473684,2015
1996,28,29,28 29,7.321168676,2015
1997,28,30,28 30,7.71684832,2015
1998,28,31,28 31,6.310564663,2015
1999,28,32,28 32,9.446022663,2015
2000,28,33,28 33,8.45652869,2015
2001,28,34,28 34,6.348049793,2015
2002,28,35,28 35,7.317279902,2015
2003,28,36,28 36,6.1918429,2015
2004,28,37,28 37,7.147878346,2015
2005,28,38,28 38,10.9050243,2015
2006,28,39,28 39,6.595930075,2015
2007,28,40,28 40,8.438288266,2015
2008,28,41,28 41,10.96237017,2015
2009,28,42,28 42,6.249057493,2015
2010,28,43,28 43,8.267185308,2015
2011,29,1,29 1,10.35013966,2015
2012,29,2,29 2,10.73415991,2015
2013,29,3,29 3,7.595702643,2015
2014,29,4,29 4,7.133612885,2015
2015,29,5,29 5,10.53761538,2015
2016,29,6,29 6,8.890667187,2015
2017,29,7,29 7,7.113897905,2015
2018,29,8,29 8,7.369307684,2015
2019,29,9,29 9,8.936100328,2015
2020,29,10,29 10,9.830640388,2015
2021,29,11,29 11,8.426685198,2015
2022,29,12,29 12,7.596591961,2015
2023,29,13,29 13,8.308028032,2015
2024,29,14,29 14,7.849030021,2015
2025,29,15,29 15,9.022604087,2015
2026,29,16,29 16,8.966945697,2015
2027,29,17,29 17,7.628923438,2015
2028,29,18,29 18,9.252326328,2015
2029,29,19,29 19,9.182275778,2015
2030,29,20,29 20,8.052931323,2015
2031,29,21,29 21,8.127014382,2015
2032,29,22,29 22,8.806883365,2015
2033,29,23,29 23,8.854675178,2015
2034,29,24,29 24,10.34180932,2015
2035,29,25,29 25,7.566827524,2015
2036,29,26,29 26,9.370089809,2015
2037,29,27,29 27,7.502613891,2015
2038,29,28,29 28,8.91851154,2015
2039,29,29,29 29,9.830438698,2015
2040,29,30,29 30,6.890769944,2015
2041,29,31,29 31,9.100547536,2015
2042,29,32,29 32,9.167676768,2015
2043,29,33,29 33,11.80062956,2015
2044,29,34,29 34,7.577593456,2015
2045,29,35,29 35,8.427947598,2015
2046,29,36,29 36,11.15186739,2015
2047,29,37,29 37,6.644207374,2015
2048,29,38,29 38,9.595584644,2015
2049,29,39,29 39,8.744542974,2015
2050,29,40,29 40,8.432932331,2015
2051,29,41,29 41,9.181808699,2015
2052,29,42,29 42,9.89803102,2015
2053,29,43,29 43,10.1462268,2015
2054,29,44,29 44,9.55767852,2015
2055,29,45,29 45,7.772589948,2015
2056,29,46,29 46,7.086940437,2015
2057,29,47,29 47,7.912327311,2015
2058,29,48,29 48,8.86419863,2015
2059,29,49,29 49,9.938506982,2015
2060,29,50,29 50,8.876855895,2015
2061,29,51,29 51,10.02949273,2015
2062,29,52,29 52,7.676144056,2015
2063,29,53,29 53,9.955500104,2015
2064,29,54,29 54,9.585933224,2015
2065,29,55,29 55,8.284327996,2015
2066,29,56,29 56,9.659018356,2015
2067,29,57,29 57,9.775154004,2015
2068,29,58,29 58,8.665732796,2015
2069,29,59,29 59,8.058073654,2015
2070,29,60,29 60,8.856910569,2015
2071,30,1,30 1,6.644452718,2015
2072,30,2,30 2,6.699389624,2015
2073,30,3,30 3,8.055396137,2015
2074,30,4,30 4,6.636204152,2015
2075,30,5,30 5,6.332694414,2015
2076,30,6,30 6,6.574889217,2015
2077,30,7,30 7,5.963362553,2015
2078,30,8,30 8,5.092642562,2015
2079,30,9,30 9,5.970545206,2015
2080,30,10,30 10,6.105293021,2015
2081,30,11,30 11,8.193614559,2015
2082,30,12,30 12,6.390273451,2015
2083,30,13,30 13,9.091022444,2015
2084,30,14,30 14,8.087710621,2015
2085,30,15,30 15,6.218503853,2015
2086,30,16,30 16,8.691512718,2015
2087,30,17,30 17,7.17743106,2015
2088,30,18,30 18,4.481209899,2015
2089,30,19,30 19,4.201208981,2015
2090,30,20,30 20,4.611499107,2015
2091,30,21,30 21,7.49038641,2015
2092,30,22,30 22,6.59326056,2015
2093,30,23,30 23,5.266651504,2015
2094,30,24,30 24,5.120386084,2015
2095,30,25,30 25,3.532479678,2015
2096,30,26,30 26,9.533102527,2015
2097,30,27,30 27,5.954880121,2015
2098,30,28,30 28,10.7200369,2015
2099,30,29,30 29,4.17582085,2015
2100,30,30,30 30,9.023666972,2015
2101,30,31,30 31,5.240119924,2015
2102,30,32,30 32,6.70538018,2015
2103,30,33,30 33,6.71184107,2015
2104,30,34,30 34,9.565842282,2015
2105,30,35,30 35,6.272823779,2015
2106,30,36,30 36,6.155548217,2015
2107,30,37,30 37,4.776144129,2015
2108,30,38,30 38,9.051364519,2015
2109,30,39,30 39,9.76759734,2015
2110,30,40,30 40,9.293469729,2015
2111,30,41,30 41,5.915834522,2015
2112,30,42,30 42,6.027446632,2015
2113,30,43,30 43,5.024151946,2015
2114,30,44,30 44,9.768523057,2015
2115,30,45,30 45,7.974717969,2015
2116,30,46,30 46,5.438308887,2015
2117,30,47,30 47,5.617418496,2015
2118,30,48,30 48,8.901307967,2015
2119,30,49,30 49,6.12739477,2015
2120,30,50,30 50,5.979877866,2015
2121,30,51,30 51,5.623537014,2015
2122,30,52,30 52,7.254670846,2015
2123,30,53,30 53,7.338836732,2015
2124,30,54,30 54,6.363253697,2015
2125,30,55,30 55,6.576993374,2015
2126,30,56,30 56,5.559502664,2015
2127,30,57,30 57,4.996210732,2015
2128,30,58,30 58,6.799180547,2015
2129,30,59,30 59,7.260470969,2015
2130,30,60,30 60,6.829113333,2015
2131,30,61,30 61,6.810985161,2015
2132,30,62,30 62,7.128570133,2015
2133,30,63,30 63,5.938246369,2015
2134,30,64,30 64,5.846220302,2015
2135,30,65,30 65,9.148912459,2015
2136,30,66,30 66,6.603754941,2015
2137,30,67,30 67,4.313640014,2015
2138,30,68,30 68,9.4633812,2015
2139,30,69,30 69,8.026019485,2015
2140,30,70,30 70,6.09486717,2015
2141,30,71,30 71,7.45236327,2015
2142,30,72,30 72,6.281392425,2015
2143,30,73,30 73,6.016634444,2015
2144,30,74,30 74,8.569441604,2015
2145,30,75,30 75,5.998095238,2015
2146,30,76,30 76,3.890061792,2015
2147,30,77,30 77,6.518460941,2015
2148,30,78,30 78,6.515268915,2015
2149,30,79,30 79,5.085852136,2015
2150,30,80,30 80,6.311478903,2015
2151,30,81,30 81,7.884630005,2015
2152,30,82,30 82,7.816059226,2015
2153,30,83,30 83,5.790249366,2015
2154,30,84,30 84,6.316143498,2015
2155,30,85,30 85,8.669397102,2015
2156,30,86,30 86,5.630258635,2015
2157,30,87,30 87,10.65587641,2015
2158,30,88,30 88,5.505177722,2015
2159,30,89,30 89,8.337174488,2015
2160,30,90,30 90,6.774779384,2015
2161,30,91,30 91,6.062557949,2015
2162,30,92,30 92,6.857473928,2015
2163,30,93,30 93,7.507047444,2015
2164,30,94,30 94,6.266656116,2015
2165,30,95,30 95,5.954226039,2015
2166,30,96,30 96,5.981132075,2015
2167,30,97,30 97,8.105916099,2015
2168,30,98,30 98,6.170745921,2015
2169,30,99,30 99,6.795020213,2015
2170,30,100,30 100,6.686481834,2015
2171,30,101,30 101,7.77677723,2015
2172,30,102,30 102,8.620890406,2015
2173,30,103,30 103,4.451077944,2015
2174,30,104,30 104,5.265871889,2015
2175,30,105,30 105,9.029185022,2015
2176,30,106,30 106,6.058844896,2015
2177,30,107,30 107,4.60776699,2015
2178,30,108,30 108,9.113198566,2015
2179,30,109,30 109,7.812287662,2015
2180,30,110,30 110,2.788427633,2015
2181,30,111,30 111,7.447032967,2015
2182,30,112,30 112,7.445010823,2015
2183,30,113,30 113,6.695143566,2015
2184,30,114,30 114,7.192551506,2015
2185,30,115,30 115,8.671636493,2015
2186,30,116,30 116,7.575301478,2015
2187,30,117,30 117,6.408335464,2015
2188,30,118,30 118,10.69524569,2015
2189,30,119,30 119,6.718249733,2015
2190,30,120,30 120,7.086184576,2015
2191,30,121,30 121,6.267480295,2015
2192,30,122,30 122,4.904503035,2015
2193,30,123,30 123,7.930165339,2015
2194,30,124,30 124,7.769115893,2015
2195,30,125,30 125,6.410170143,2015
2196,30,126,30 126,7.315351102,2015
2197,30,127,30 127,3.900253727,2015
2198,30,128,30 128,7.65439383,2015
2199,30,129,30 129,6.485769164,2015
2200,30,130,30 130,5.975336233,2015
2201,30,131,30 131,10.16473631,2015
2202,30,132,30 132,6.597325155,2015
2203,30,133,30 133,8.157256035,2015
2204,30,134,30 134,7.523316062,2015
2205,30,135,30 135,6.974803497,2015
2206,30,136,30 136,7.804823672,2015
2207,30,137,30 137,5.344795824,2015
2208,30,138,30 138,10.10673873,2015
2209,30,139,30 139,6.351382225,2015
2210,30,140,30 140,5.585829493,2015
2211,30,141,30 141,6.420064652,2015
2212,30,142,30 142,5.993904103,2015
2213,30,143,30 143,5.789881627,2015
2214,30,144,30 144,6.708620773,2015
2215,30,145,30 145,8.002910525,2015
2216,30,146,30 146,6.011009174,2015
2217,30,147,30 147,4.245440909,2015
2218,30,148,30 148,6.459531134,2015
2219,30,149,30 149,4.504422049,2015
2220,30,150,30 150,6.763681269,2015
2221,30,151,30 151,6.45823389,2015
2222,30,152,30 152,6.533162672,2015
2223,30,153,30 153,6.809572562,2015
2224,30,154,30 154,5.854833161,2015
2225,30,155,30 155,7.030961586,2015
2226,30,156,30 156,5.048902821,2015
2227,30,157,30 157,7.03747832,2015
2228,30,158,30 158,6.867908132,2015
2229,30,159,30 159,3.49202207,2015
2230,30,160,30 160,7.4000576,2015
2231,30,161,30 161,6.337835475,2015
2232,30,162,30 162,5.256737589,2015
2233,30,163,30 163,5.553601062,2015
2234,30,164,30 164,7.491819579,2015
2235,30,165,30 165,5.65839107,2015
2236,30,166,30 166,4.975684826,2015
2237,30,167,30 167,7.063755918,2015
2238,30,168,30 168,5.101289134,2015
2239,30,169,30 169,6.107962123,2015
2240,30,170,30 170,4.226530276,2015
2241,30,171,30 171,5.633925578,2015
2242,30,172,30 172,6.553783383,2015
2243,30,173,30 173,6.054723519,2015
2244,30,174,30 174,8.043890976,2015
2245,30,175,30 175,7.692881134,2015
2246,30,176,30 176,6.737470167,2015
2247,30,177,30 177,6.203764193,2015
2248,30,178,30 178,7.02918874,2015
2249,30,179,30 179,6.447389886,2015
2250,30,180,30 180,5.070237422,2015
2251,30,181,30 181,6.548382173,2015
2252,30,182,30 182,7.497411562,2015
2253,30,183,30 183,6.914733089,2015
2254,30,184,30 184,4.365586384,2015
2255,30,185,30 185,7.250944584,2015
2256,30,186,30 186,8.339513326,2015
2257,30,187,30 187,5.639375,2015
2258,30,188,30 188,5.624954429,2015
2259,30,189,30 189,9.618435029,2015
2260,30,190,30 190,7.014145141,2015
2261,30,191,30 191,8.456057653,2015
2262,30,192,30 192,7.112889019,2015
2263,30,193,30 193,10.17535105,2015
2264,30,194,30 194,6.081386107,2015
2265,30,195,30 195,5.174517863,2015
2266,30,196,30 196,7.462407255,2015
2267,30,197,30 197,5.826394146,2015
2268,30,198,30 198,4.420667581,2015
2269,30,199,30 199,6.748207754,2015
2270,30,200,30 200,6.273407821,2015
2271,30,201,30 201,5.859460285,2015
2272,30,202,30 202,4.477171767,2015
2273,30,203,30 203,5.071559005,2015
2274,30,204,30 204,8.688999905,2015
2275,30,205,30 205,7.996687721,2015
2276,30,206,30 206,9.494978756,2015
2277,30,207,30 207,7.303469688,2015
2278,30,208,30 208,7.562842153,2015
2279,30,209,30 209,5.456902887,2015
2280,30,210,30 210,5.827489808,2015
2281,30,211,30 211,7.624377742,2015
2282,30,212,30 212,4.830668798,2015
2283,31,1,31 1,5.906323738,2015
2284,31,2,31 2,7.479273405,2015
2285,31,3,31 3,6.338588371,2015
2286,31,4,31 4,7.713036963,2015
2287,31,5,31 5,6.905075808,2015
2288,31,6,31 6,6.281233573,2015
2289,31,7,31 7,7.152068127,2015
2290,31,8,31 8,5.631619048,2015
2291,31,9,31 9,7.248505819,2015
2292,31,10,31 10,5.270666667,2015
2293,31,11,31 11,6.441969759,2015
2294,31,12,31 12,6.00608828,2015
2295,31,13,31 13,9.351055409,2015
2296,31,14,31 14,6.366764995,2015
2297,31,15,31 15,6.477145385,2015
2298,31,16,31 16,5.707579186,2015
2299,31,17,31 17,5.811063218,2015
2300,31,18,31 18,6.677697842,2015
2301,31,19,31 19,5.173190267,2015
2302,31,20,31 20,8.124544551,2015
2303,31,21,31 21,6.706398459,2015
2304,31,22,31 22,5.818219808,2015
2305,31,23,31 23,7.712769279,2015
2306,31,24,31 24,5.598205855,2015
2307,31,25,31 25,7.012216405,2015
2308,31,26,31 26,7.281933257,2015
2309,31,27,31 27,8.814087962,2015
2310,31,28,31 28,7.980684327,2015
2311,31,29,31 29,7.131376323,2015
2312,31,30,31 30,5.823382046,2015
2313,31,31,31 31,5.513420902,2015
2314,31,32,31 32,5.762848752,2015
2315,31,33,31 33,6.754712713,2015
2316,31,34,31 34,6.1532461,2015
2317,31,35,31 35,6.033399307,2015
2318,31,36,31 36,6.631840796,2015
2319,31,37,31 37,5.99595843,2015
2320,31,38,31 38,7.343931592,2015
2321,31,39,31 39,7.555847076,2015
2322,31,40,31 40,7.228266454,2015
2323,31,41,31 41,8.387843315,2015
2324,31,42,31 42,5.819681968,2015
2325,31,43,31 43,6.185690879,2015
2326,31,44,31 44,6.472715461,2015
2327,31,45,31 45,7.358608894,2015
2328,31,46,31 46,5.766859345,2015
2329,31,47,31 47,6.21574973,2015
2330,31,48,31 48,6.940897207,2015
2331,31,49,31 49,4.415668663,2015
2332,31,50,31 50,10.62255466,2015
2333,31,51,31 51,7.590687361,2015
2334,31,52,31 52,7.661157725,2015
2335,31,53,31 53,7.077254719,2015
2336,31,54,31 54,6.977011494,2015
2337,31,55,31 55,6.450589302,2015
2338,31,56,31 56,6.524646963,2015
2339,31,57,31 57,6.287446226,2015
2340,31,58,31 58,6.823394945,2015
2341,31,59,31 59,8.845817121,2015
2342,31,60,31 60,6.318611987,2015
2343,31,61,31 61,6.918599747,2015
2344,31,62,31 62,6.845714286,2015
2345,31,63,31 63,7.084861029,2015
2346,31,64,31 64,6.914912281,2015
2347,31,65,31 65,7.306402439,2015
2348,31,66,31 66,6.409952607,2015
2349,31,67,31 67,6.469211823,2015
2350,31,68,31 68,7.087587822,2015
2351,31,69,31 69,5.857615286,2015
2352,31,70,31 70,7.355816597,2015
2353,31,71,31 71,6.298085688,2015
2354,31,72,31 72,7.150039277,2015
2355,31,73,31 73,5.189477848,2015
2356,31,74,31 74,7.019178082,2015
2357,31,75,31 75,5.880108992,2015
2358,31,76,31 76,6.210694265,2015
2359,31,77,31 77,5.825248393,2015
2360,31,78,31 78,6.731990705,2015
2361,31,79,31 79,7.438943894,2015
2362,31,80,31 80,5.569787038,2015
2363,31,81,31 81,5.94714809,2015
2364,31,82,31 82,8.144628099,2015
2365,31,83,31 83,7.218724109,2015
2366,31,84,31 84,6.185390859,2015
2367,31,85,31 85,5.75247202,2015
2368,31,86,31 86,5.72922252,2015
2369,31,87,31 87,5.52055661,2015
2370,31,88,31 88,6.323987539,2015
2371,31,89,31 89,8.184594503,2015
2372,31,90,31 90,5.644407346,2015
2373,31,91,31 91,6.722423754,2015
2374,31,92,31 92,5.75443787,2015
2375,31,93,31 93,8.366795367,2015
2376,31,94,31 94,5.961171903,2015
2377,31,95,31 95,8.049726634,2015
2378,31,96,31 96,6.880891905,2015
2379,31,97,31 97,6.077665643,2015
2380,31,98,31 98,6.50657525,2015
2381,31,99,31 99,5.536466775,2015
2382,31,100,31 100,6.950596953,2015
2383,31,101,31 101,8.258022681,2015
2384,31,102,31 102,7.90083208,2015
2385,31,103,31 103,6.266494179,2015
2386,31,104,31 104,5.66828333,2015
2387,31,105,31 105,8.129814551,2015
2388,31,106,31 106,7.473649099,2015
2389,32,1,32 1,6.681218274,2015
2390,32,2,32 2,6.587578507,2015
2391,32,3,32 3,6.326967593,2015
2392,32,4,32 4,6.884283956,2015
2393,32,5,32 5,8.383718737,2015
2394,32,6,32 6,7.822499534,2015
2395,32,7,32 7,8.279585101,2015
2396,32,8,32 8,7.316136693,2015
2397,32,9,32 9,7.399400218,2015
2398,32,10,32 10,8.466924363,2015
2399,32,11,32 11,6.723404255,2015
2400,32,12,32 12,7.140335956,2015
2401,32,13,32 13,7.877514642,2015
2402,32,14,32 14,6.862316758,2015
2403,32,15,32 15,5.518390805,2015
2404,32,16,32 16,6.405419002,2015
2405,32,17,32 17,10.9892083,2015
2406,32,18,32 18,6.651903367,2015
2407,32,19,32 19,7.784308528,2015
2408,32,20,32 20,8.177254744,2015
2409,32,21,32 21,6.774536855,2015
2410,32,22,32 22,8.027417962,2015
2411,32,23,32 23,7.968974605,2015
2412,32,24,32 24,8.390477394,2015
2413,32,25,32 25,7.62179407,2015
2414,32,26,32 26,6.403086863,2015
2415,32,27,32 27,6.553869499,2015
2416,32,28,32 28,6.233502538,2015
2417,32,29,32 29,7.551824095,2015
2418,32,30,32 30,6.973070018,2015
2419,32,31,32 31,6.862566932,2015
2420,32,32,32 32,8.845715732,2015
2421,32,33,32 33,6.416180758,2015
2422,32,34,32 34,7.281217209,2015
2423,32,35,32 35,7.193222354,2015
2424,32,36,32 36,7.71968485,2015
2425,32,37,32 37,6.935967937,2015
2426,32,38,32 38,7.11277364,2015
2427,32,39,32 39,8.193153975,2015
2428,32,40,32 40,7.164736361,2015
2429,32,41,32 41,6.035172832,2015
2430,32,42,32 42,7.845219175,2015
2431,32,43,32 43,6.319004525,2015
2432,32,44,32 44,7.197656331,2015
2433,32,45,32 45,7.303720061,2015
2434,32,46,32 46,5.953956548,2015
2435,32,47,32 47,7.959056014,2015
2436,32,48,32 48,8.310714925,2015
2437,32,49,32 49,7.422099815,2015
2438,32,50,32 50,7.833419023,2015
2439,32,51,32 51,6.965826356,2015
2440,32,52,32 52,8.313094908,2015
2441,32,53,32 53,7.552641828,2015
2442,32,54,32 54,7.30027162,2015
2443,32,55,32 55,7.137356175,2015
2444,32,56,32 56,11.16054632,2015
2445,32,57,32 57,7.773756055,2015
2446,32,58,32 58,7.042253521,2015
